MOUNT BULLER,,,,,"SNOW DEPTHS - NATURAL FROM 1993, SNOW-MAKING FROM 2006",,,,,,,,,,,,,,,,,,,,,,,,,,,,,,,,,,,,,,,,,,,,,,,,,,,,,,,,,,,,,,,,,,,,,,,,,,,,,,,,,,,,
,,,,,Daily data,,,,,,,,,,,,,,,,,,,,,,,,,,,,,,,,,,,,,,,,,,,,,,,,,,,,,,,,,,,,,,,,,,,,,,,,,,,,,,,,,,,,
,Day,,10 Year Average Snow Making Depth,10 Year Average Natural Snow Depth,2017 Natural Snow Depth,2017 Average depth in snow-making area (61 ha),+ means that snowmaking depth is = or > than natural snow depth,2016 Natural Snow Depth,2016 Average depth in snow-making area (61 ha),+ means that snowmaking depth is = or > than natural snow depth,2015 Natural Snow Depth,2015 Average depth in snow-making area (61 ha),+ means that snowmaking depth is = or > than natural snow depth,2014 Natural Snow Depth,2014 Average depth in snow-making area (61 ha),,2013 Natural Snow Depth,2013 Average depth in snow-making area (61 ha),,2012 Natural Snow Depth,2012 Average depth in snow-making area (100 ha),,2011 Natural Snow Depth,2011 Average depth in snow-making area (100 ha),,2010 Natural Snow Depth,2010 Average depth in snow-making area (61 ha),,2009 Natural Snow Depth,2009 Average depth in snow-making area (61 ha),,2008 Natural Snow Depth,2008 Average depth in snow-making area (61 ha),BLANK,2007 Natural Snow Depth,2007 Average depth in snow-making area (61 ha),BLANK,2006 Natural Snow Depth,2006 Average depth in snow-making area (61 ha),,2005,BLANK,BLANK,2004,2003,2002,2001,2000,1999,1998,1997,1996,1995,1994,1993,,,,,,,,,,,,,,,,,,,,,,,,,,,,,,,,,,
5-Jun,5/6,5-Jun,0.00,0,,,,,,,,,,,,,,,,,,,,,,,,,0,0,,,,,,,,,,,0,,,0,8,5,0,77,0,0,0,0,0,0,0,,,,,,,,,,,,,,,,,,,,,,,,,,,,,,,,,,
6-Jun,6/6,,3.00,3,,,,,,,30,30,,,,,,,,,,,,,,,,,0,0,,,,,,,,,,,0,,,0,8,10,0,87,0,0,0,0,0,0,0,,,,,,,,,,,,,,,,,,,,,,,,,,,,,,,,,,
7-Jun,7/6,,3.00,3,12,50,,,,,30,30,,,,,,,,,,,,,,,,,1,0,,0,0,,,,,,,,0,,,0,22,10,0,87,0,0,0,0,0,0,0,,,,,,,,,,,,,,,,,,,,,,,,,,,,,,,,,,
8-Jun,8/6,,5.50,6,12,47,,,,,25,30,,,,,,,,,,,,,,,,,7,0,,0,0,,25,25,,0,0,,0,,,0,25,5,0,82,0,5,0,0,0,0,0,,,,,,,,,,,,,,,,,,,,,,,,,,,,,,,,,,
9-Jun,9/6,,6.00,6,12,47,,,,,4,25,,,,,,,,0,10,+,,,,,,,31,0,,0,0,,25,25,,0,0,,0,,,0,23,5,0,85,0,0,0,0,0,0,0,,,,,,,,,,,,,,,,,,,,,,,,,,,,,,,,,,
10-Jun,10/6,,11.90,9,12,47,,0,0,+,4,28,,,,,,,,0,10,+,,,,,,,56,56,+,0,0,,25,25,,0,0,,0,,,0,21,3,0,85,0,0,10,0,0,0,0,,,,,,,,,,,,,,,,,,,,,,,,,,,,,,,,,,
11-Jun,11/6,,16.90,11,12,47,,0,0,+,0,28,,,,,,,,0,10,+,30,50,+,,,,56,56,+,0,0,,25,25,,1,0,,0,,,0,21,0,0,85,0,0,0,0,5,0,0,,,,,,,,,,,,,,,,,,,,,,,,,,,,,,,,,,
12-Jun,12/6,12-Jun,23.20,13,11,46,,3,15,+,0,28,,,,,,,,0,13,+,30,50,+,18,45,,56,56,+,0,0,,25,25,,1,20,,0,,,0,17,0,0,78,0,0,0,0,10,0,29,,,,,,,,,,,,,,,,,,,,,,,,,,,,,,,,,,
13-Jun,13/6,,22.30,16,10,45,,15,3,,0,28,,,,,,,,0,13,+,28,50,+,18,45,,56,56,+,10,0,,28,28,,1,20,,0,,,0,17,6,0,78,0,4,0,0,10,0,44,,,,,,,,,,,,,,,,,,,,,,,,,,,,,,,,,,
14-Jun,14/6,,24.20,15,10,45,,3,5,+,0,28,,,,,,,,0,13,+,26,50,+,18,45,,56,56,+,15,0,,32,45,,1,20,,2,,,5,35,17,3,75,3,4,9,0,10,0,44,,,,,,,,,,,,,,,,,,,,,,,,,,,,,,,,,,
15-Jun,15/6,,25.20,15,10,45,,3,20,+,0,28,,,,,,,,0,13,+,26,45,+,18,45,,56,56,+,14,0,,32,45,,1,24,,2,,,5,25,14,6,73,25,4,12,0,10,0,39,,,,,,,,,,,,,,,,,,,,,,,,,,,,,,,,,,
16-Jun,16/6,,24.30,14,10,45,,3,20,+,0,28,,,,,,,,0,10,+,23,43,+,18,45,,52,52,+,14,0,,32,45,,1,24,,7,,,15,30,12,6,67,28,6,12,0,10,2,37,,,,,,,,,,,,,,,,,,,,,,,,,,,,,,,,,,
17-Jun,17/6,,23.20,13,9,46,,0,20,+,0,20,,,,,,,,2,12,+,22,42,+,5,35,,50,58,,14,0,,32,45,,1,24,,18,,,20,30,18,5,65,30,6,12,0,12,0,35,,,,,,,,,,,,,,,,,,,,,,,,,,,,,,,,,,
18-Jun,18/6,,23.80,13,9,46,,0,20,+,0,15,,,,,,,,0,12,+,26,46,+,15,42,,50,58,,10,0,,32,45,,1,24,,27,,,30,28,20,5,60,25,7,11,0,12,0,35,,,,,,,,,,,,,,,,,,,,,,,,,,,,,,,,,,
19-Jun,19/6,19-Jun,23.20,12,9,46,,0,15,+,0,15,,,,,,,,0,12,+,22,42,+,13,40,,50,58,,0,0,,34,50,,1,24,,30,,,40,28,20,5,60,25,7,11,0,10,20,35,,,,,,,,,,,,,,,,,,,,,,,,,,,,,,,,,,
20-Jun,20/6,,24.30,13,9,46,,0,15,+,0,20,,,,,,,,0,20,+,19,39,+,12,38,,49,56,,0,0,,46,55,,1,24,,36,,,55,27,20,5,60,25,7,11,0,10,22,37,,,,,,,,,,,,,,,,,,,,,,,,,,,,,,,,,,
21-Jun,21/6,,22.50,11,9,46,,0,5,+,0,25,,,,,,,,0,22,+,15,35,+,7,33,,41,50,,0,0,,46,55,,1,24,,38,,,55,27,21,3,55,25,5,10,0,10,20,33,,,,,,,,,,,,,,,,,,,,,,,,,,,,,,,,,,
22-Jun,22/6,,28.30,17,5,39,,10,15,+,0,25,,,,,,,,20,40,+,35,55,+,7,35,,40,50,,0,0,,53,63,,1,24,,45,,,50,29,22,3,55,20,4,9,0,10,20,30,,,,,,,,,,,,,,,,,,,,,,,,,,,,,,,,,,
23-Jun,23/6,,29.80,17,3,35,,12,17,+,0,25,,,,,,,,28,55,+,36,56,+,7,35,,33,47,,0,0,,53,63,,1,24,,49,,,50,35,20,3,60,20,8,9,0,10,20,33,,,,,,,,,,,,,,,,,,,,,,,,,,,,,,,,,,
24-Jun,24/6,,35.20,21,3,35,,22,32,+,0,25,,23,35,,,,,31,59,+,35,56,+,7,35,,39,47,,0,0,,53,63,,12,30,,47,,,52,33,20,3,60,20,15,7,0,10,22,33,,,,,,,,,,,,,,,,,,,,,,,,,,,,,,,,,,
25-Jun,25/6,,36.50,23,3,36,,39,47,+,0,25,,40,45,,,,,31,59,+,27,48,+,5,33,,37,45,,0,0,,53,63,,12,30,,47,,,51,33,20,3,60,20,27,8,0,7,33,33,,,,,,,,,,,,,,,,,,,,,,,,,,,,,,,,,,
26-Jun,26/6,26-Jun,37.40,23,6,37,,41,50,+,0,25,,33,42,,,,,31,60,+,26,48,+,10,38,,38,48,,0,0,,53,63,,12,34,,47,,,68,32,22,3,60,20,26,8,0,5,40,33,,,,,,,,,,,,,,,,,,,,,,,,,,,,,,,,,,
27-Jun,27/6,,43.30,25,7,37,,41,65,+,0,35,,33,42,,13,33,,31,60,+,25,46,+,11,40,,38,48,,4,0,,54,64,,12,35,,43,,,71,29,22,0,60,20,25,8,12,5,46,32,,,,,,,,,,,,,,,,,,,,,,,,,,,,,,,,,,
28-Jun,28/6,,44.00,23,7,37,,44,69,+,0,35,,35,43,,13,33,,27,61,+,25,48,+,11,43,+,34,44,,3,0,,42,64,,12,35,,43,,,71,27,40,0,55,20,25,7,12,7,45,32,,,,,,,,,,,,,,,,,,,,,,,,,,,,,,,,,,
29-Jun,29/6,,43.80,25,7,37,,42,63,+,0,35,,54,58,,13,33,,27,61,+,24,48,+,11,46,+,32,42,,3,0,,42,52,,10,35,,43,,,73,24,46,0,62,20,27,7,12,10,45,31,,,,,,,,,,,,,,,,,,,,,,,,,,,,,,,,,,
30-Jun,30/6,,45.30,24,11,38,,42,69,+,0,35,,59,62,,8,30,,28,61,+,23,47,+,14,52,+,24,42,,0,0,,45,55,,8,33,,43,,,73,24,46,0,62,17,27,7,16,23,45,30,,,,,,,,,,,,,,,,,,,,,,,,,,,,,,,,,,
1-Jul,1/7,,46.50,27,13,39,,55,90,+,0,30,,61,64,,5,25,,32,67,+,23,47,+,17,56,,17,31,,12,0,,48,55,,6,31,,30,,,73,24,46,0,62,14,27,7,30,35,45,30,,,,,,,,,,,,,,,,,,,,,,,,,,,,,,,,,,
2-Jul,2/7,,48.70,29,13,43,,50,90,+,0,38,,61,64,,0,20,,34,70,+,23,47,+,20,59,,24,41,,22,0,,51,58,,3,29,,32,,,73,24,46,0,60,14,27,7,30,40,45,26,,,,,,,,,,,,,,,,,,,,,,,,,,,,,,,,,,
3-Jul,3/7,3-Jul,50.10,31,12,44,,45,85,+,0,38,,60,63,,0,17,,39,75,+,22,46,+,22,61,,48,58,,24,0,,51,58,,3,29,,32,,,73,24,46,0,58,14,25,7,30,40,42,25,,,,,,,,,,,,,,,,,,,,,,,,,,,,,,,,,,
4-Jul,4/7,,52.40,30,8,40,,44,84,+,0,38,,60,63,,0,15,,39,75,+,19,45,+,22,61,,48,58,,24,29,,47,56,,3,29,,30,,,73,24,48,0,58,14,27,7,30,40,40,26,,,,,,,,,,,,,,,,,,,,,,,,,,,,,,,,,,
5-Jul,5/7,,55.10,33,5,36,,42,69,+,0,40,,62,66,,1,15,,39,75,+,27,55,+,22,61,,54,70,,24,30,,60,70,,3,29,,30,,,73,24,50,0,50,14,20,7,25,40,38,15,,,,,,,,,,,,,,,,,,,,,,,,,,,,,,,,,,
6-Jul,6/7,,61.40,38,15,38,,45,86,+,0,40,,69,73,,1,15,,39,75,+,45,75,+,25,65,,54,70,,24,30,,75,85,,3,30,,30,,,75,24,60,5,50,14,5,7,27,42,35,15,,,,,,,,,,,,,,,,,,,,,,,,,,,,,,,,,,
7-Jul,7/7,,64.70,39,23,39,,42,84,+,0,40,,71,75,,12,34,,39,75,+,52,85,+,25,67,,54,70,,20,27,,79,90,,0,28,,30,,,75,21,66,13,50,14,5,7,32,42,35,15,,,,,,,,,,,,,,,,,,,,,,,,,,,,,,,,,,
8-Jul,8/7,,68.90,43,28,44,,41,83,+,5,40,,71,75,,29,41,,39,78,+,53,87,+,25,67,,52,72,,36,50,,83,96,,0,28,,25,,,80,19,66,6,50,14,6,7,33,42,25,10,,,,,,,,,,,,,,,,,,,,,,,,,,,,,,,,,,
9-Jul,9/7,,71.00,45,33,49,,39,80,+,5,42,,74,77,,29,41,,39,78,+,57,93,+,25,67,,52,74,,46,62,,83,96,,0,28,,40,,,80,18,66,0,56,12,21,12,33,42,25,10,,,,,,,,,,,,,,,,,,,,,,,,,,,,,,,,,,
10-Jul,10/7,10-Jul,72.20,46,35,51,,35,70,+,5,42,,93,97,,28,42,,37,76,+,59,95,+,25,67,,52,74,,46,63,,83,96,,0,30,,45,,,80,18,70,0,56,11,32,18,33,42,22,17,,,,,,,,,,,,,,,,,,,,,,,,,,,,,,,,,,
11-Jul,11/7,,70.90,45,37,53,,31,66,+,5,42,,93,97,,28,42,,34,72,+,61,97,+,16,55,,50,72,,53,70,,83,96,,6,36,,43,,,78,17,70,0,60,11,32,18,33,52,19,17,,,,,,,,,,,,,,,,,,,,,,,,,,,,,,,,,,
12-Jul,12/7,,71.60,48,38,54,,31,60,+,26,50,,94,98,,29,43,,34,72,+,61,100,+,16,55,,47,70,,54,72,,83,96,,13,40,,43,,,85,14,73,0,60,10,32,18,38,60,20,17,,,,,,,,,,,,,,,,,,,,,,,,,,,,,,,,,,
13-Jul,13/7,,75.30,49,38,54,,44,69,+,28,52,,97,103,,29,47,,26,72,+,63,100,+,8,55,,57,79,,54,80,,83,96,,13,43,,44,,,85,17,72,0,60,10,32,18,40,63,25,16,,,,,,,,,,,,,,,,,,,,,,,,,,,,,,,,,,
14-Jul,14/7,,80.60,54,39,55,,53,81,+,34,55,,97,105,,29,47,,26,72,+,66,105,+,32,75,,61,85,,57,83,,85,98,,13,43,,47,,,86,17,70,0,60,10,32,18,40,68,25,15,,,,,,,,,,,,,,,,,,,,,,,,,,,,,,,,,,
15-Jul,15/7,,80.40,54,40,57,,55,85,+,35,55,,97,105,,14,30,,31,74,+,65,105,+,33,75,,68,94,,57,83,,85,98,,13,43,,53,,,86,17,70,4,66,10,32,18,40,74,25,15,,,,,,,,,,,,,,,,,,,,,,,,,,,,,,,,,,
16-Jul,16/7,,80.50,54,41,58,,55,86,+,36,55,,100,105,,9,27,,31,74,+,65,105,+,33,76,,68,96,,57,83,,85,98,,5,38,,51,,,86,17,68,3,66,10,31,24,40,76,27,15,,,,,,,,,,,,,,,,,,,,,,,,,,,,,,,,,,
17-Jul,17/7,17-Jul,80.80,54,41,58,,55,86,+,37,55,,104,111,,9,27,,28,71,+,65,105,+,36,76,,69,97,,50,78,,85,102,,2,35,,58,,,92,16,75,10,66,10,30,25,40,76,28,13,,,,,,,,,,,,,,,,,,,,,,,,,,,,,,,,,,
18-Jul,18/7,,82.90,56,43,60,,52,85,+,37,56,,108,114,,9,25,,28,71,+,73,114,+,33,76,,69,98,,58,80,,91,110,,2,30,,58,,,94,16,77,12,66,10,30,25,42,82,28,13,,,,,,,,,,,,,,,,,,,,,,,,,,,,,,,,,,
19-Jul,19/7,,83.80,56,49,66,,45,75,+,37,56,,108,115,,0,15,,28,71,+,89,130,+,39,82,,69,98,,56,84,,92,112,,2,30,,58,,,94,16,77,12,80,31,30,25,40,92,28,13,,,,,,,,,,,,,,,,,,,,,,,,,,,,,,,,,,
20-Jul,20/7,,82.10,55,52,69,,35,65,+,37,56,,108,115,+,6,10,+,28,72,+,75,116,+,39,85,,74,106,,56,84,,92,112,,0,30,,58,,,94,16,75,12,85,31,30,23,40,93,28,13,,,,,,,,,,,,,,,,,,,,,,,,,,,,,,,,,,
21-Jul,21/7,,83.00,55,57,74,,31,60,+,35,54,,108,120,+,6,10,+,27,71,+,70,116,+,39,88,,72,104,,69,95,,92,112,,0,30,,55,,,94,16,80,10,92,35,27,22,44,93,28,13,,,,,,,,,,,,,,,,,,,,,,,,,,,,,,,,,,
22-Jul,22/7,,85.50,56,59,76,,25,50,+,31,53,,108,121,,31,43,,27,71,+,70,116,+,39,89,,66,98,,70,102,,92,112,,0,30,,55,,,94,13,80,10,97,39,29,22,49,93,28,13,,,,,,,,,,,,,,,,,,,,,,,,,,,,,,,,,,
23-Jul,23/7,,88.10,57,59,76,,37,70,+,32,53,,106,122,,31,43,,27,68,+,70,116,+,39,89,,71,100,,70,108,,92,112,,0,30,,54,,,94,13,80,10,97,39,29,22,52,97,28,13,,,,,,,,,,,,,,,,,,,,,,,,,,,,,,,,,,
24-Jul,24/7,24-Jul,87.90,57,60,76,,37,70,+,32,53,,104,122,,30,44,,27,71,+,71,117,+,35,84,,71,100,,70,106,,92,112,,1,32,,52,,,96,24,80,8,97,39,28,20,58,97,28,13,,,,,,,,,,,,,,,,,,,,,,,,,,,,,,,,,,
25-Jul,25/7,,87.90,58,61,76,,41,70,+,37,58,,104,122,,29,44,,27,68,+,75,120,+,32,78,,71,101,,70,106,,92,112,,1,32,,51,,,106,50,82,6,97,39,25,20,58,97,28,12,,,,,,,,,,,,,,,,,,,,,,,,,,,,,,,,,,
26-Jul,26/7,,91.20,60,60,76,,48,80,+,46,70,,104,122,,29,44,,27,71,+,76,120,+,30,75,,71,103,,74,115,,92,112,,1,32,,47,,,107,56,82,6,102,39,23,19,58,97,28,13,,,,,,,,,,,,,,,,,,,,,,,,,,,,,,,,,,
27-Jul,27/7,,92.40,60,60,76,,50,82,+,52,80,,102,120,,29,44,,33,75,+,76,120,+,30,77,,71,103,,75,118,,85,105,,0,32,,40,,,108,60,80,5,110,39,20,16,58,97,28,13,,,,,,,,,,,,,,,,,,,,,,,,,,,,,,,,,,
28-Jul,28/7,,92.90,61,65,80,,53,84,+,52,80,,101,119,,29,44,,33,75,+,76,120,+,28,75,,73,105,,75,120,,87,107,,0,32,,38,,,112,60,80,5,110,38,0,16,52,97,28,13,,,,,,,,,,,,,,,,,,,,,,,,,,,,,,,,,,
29-Jul,29/7,,92.70,60,67,82,,55,84,+,56,82,,100,118,,20,38,,33,75,+,76,122,+,27,74,,73,105,,75,122,,87,107,,0,30,,38,,,112,64,77,4,110,39,0,19,50,105,28,13,,,,,,,,,,,,,,,,,,,,,,,,,,,,,,,,,,
30-Jul,30/7,,89.70,57,67,82,,50,81,+,56,82,,87,106,,10,28,,33,75,+,76,122,+,22,70,,72,104,,75,122,,87,107,,0,30,,37,,,112,74,74,4,108,39,0,19,50,109,28,12,,,,,,,,,,,,,,,,,,,,,,,,,,,,,,,,,,
31-Jul,31/7,31-Jul,90.50,57,62,80,,58,89,+,56,82,,85,104,,10,28,,33,77,+,73,120,+,22,70,,74,106,,75,122,,87,107,,13,43,,36,,,112,75,74,4,105,42,0,19,50,111,33,12,,,,,,,,,,,,,,,,,,,,,,,,,,,,,,,,,,
1-Aug,1/8,,90.00,56,60,79,,54,87,+,53,82,,82,104,,10,28,,33,77,+,66,114,+,27,73,,74,106,,75,122,,87,107,,18,48,,31,,,112,75,73,12,103,42,58,19,50,120,48,12,,,,,,,,,,,,,,,,,,,,,,,,,,,,,,,,,,
2-Aug,2/8,,91.90,59,59,79,,60,95,+,45,74,,96,117,,10,24,,33,77,+,65,113,+,48,85,,73,105,,78,125,,82,104,,18,50,,30,,,114,75,72,12,101,42,56,18,60,130,50,19,,,,,,,,,,,,,,,,,,,,,,,,,,,,,,,,,,
3-Aug,3/8,,94.00,60,59,79,,60,95,+,47,75,,96,122,,15,39,,35,79,+,56,105,+,51,88,,73,105,,81,128,,82,104,,22,52,,30,,,123,75,71,10,101,42,56,18,65,155,50,21,,,,,,,,,,,,,,,,,,,,,,,,,,,,,,,,,,
4-Aug,4/8,,95.70,61,64,84,,60,95,+,53,81,,96,122,,27,50,,35,79,+,51,105,+,51,87,,73,105,,82,129,,82,104,,27,52,,28,,,143,72,73,10,96,42,56,18,73,152,51,21,,,,,,,,,,,,,,,,,,,,,,,,,,,,,,,,,,
5-Aug,5/8,,94.50,59,72,89,,60,95,+,56,84,,96,122,,9,33,,39,84,+,36,93,+,50,88,,73,105,,82,129,,87,112,,27,52,,35,,,155,70,73,18,95,42,56,18,80,157,51,21,,,,,,,,,,,,,,,,,,,,,,,,,,,,,,,,,,
6-Aug,6/8,,96.10,61,78,93,,58,95,+,61,88,,96,122,,32,55,,41,85,+,25,82,+,50,88,,74,105,,81,129,,87,112,,27,52,,35,,,155,70,73,20,91,42,52,18,82,157,51,21,,,,,,,,,,,,,,,,,,,,,,,,,,,,,,,,,,
7-Aug,7/8,7-Aug,97.00,61,97,115,,58,97,+,61,88,,96,122,,31,50,,43,90,+,31,90,+,51,89,,72,103,,81,129,,87,112,,27,52,,30,,,159,71,70,20,91,41,52,16,100,165,54,21,,,,,,,,,,,,,,,,,,,,,,,,,,,,,,,,,,
8-Aug,8/8,,99.90,64,110,130,,57,97,+,61,88,,96,122,,53,72,,43,90,+,32,92,+,51,90,,75,106,,81,130,,87,112,,26,52,,32,,,159,75,68,28,85,35,45,40,105,165,54,21,,,,,,,,,,,,,,,,,,,,,,,,,,,,,,,,,,
9-Aug,9/8,,101.60,65,112,132,,57,97,+,61,88,,90,116,,53,72,,54,100,+,36,97,+,51,90,,75,106,,90,143,,82,107,,25,52,,33,,,161,77,68,30,81,35,43,47,109,165,56,21,,,,,,,,,,,,,,,,,,,,,,,,,,,,,,,,,,
10-Aug,10/8,,101.90,65,106,131,,53,95,+,61,88,,90,116,,46,70,,59,105,+,39,99,+,50,90,,75,106,,93,145,,80,105,,25,53,,53,,,161,77,68,30,85,52,42,47,107,165,56,25,,,,,,,,,,,,,,,,,,,,,,,,,,,,,,,,,,
11-Aug,11/8,,103.90,68,102,130,,57,100,+,67,93,,93,118,,46,70,,59,105,+,44,99,+,55,95,,75,106,,110,150,,78,103,,25,53,,56,,,162,79,65,30,88,52,40,47,105,165,56,34,,,,,,,,,,,,,,,,,,,,,,,,,,,,,,,,,,
12-Aug,12/8,,105.20,68,101,129,,55,100,+,67,93,,93,120,,43,65,,59,105,+,42,103,+,63,100,,75,106,,110,160,,73,100,,25,55,,58,,,164,80,65,25,90,52,38,54,103,165,55,34,,,,,,,,,,,,,,,,,,,,,,,,,,,,,,,,,,
13-Aug,13/8,,107.80,71,100,129,,62,108,+,76,98,,93,120,,51,77,,59,105,+,37,103,+,65,100,,73,104,,115,160,,75,103,,24,54,,62,,,164,77,80,23,90,60,38,54,99,157,60,32,,,,,,,,,,,,,,,,,,,,,,,,,,,,,,,,,,
14-Aug,14/8,14-Aug,107.00,69,99,126,,62,108,+,76,98,,93,120,,45,73,,59,105,+,35,100,+,65,100,,70,101,,115,160,,75,105,,23,53,,62,,,171,71,80,23,100,75,35,57,90,154,62,22,,,,,,,,,,,,,,,,,,,,,,,,,,,,,,,,,,
15-Aug,15/8,,108.90,71,93,118,,60,105,+,76,98,,93,120,,56,83,,71,117,+,34,100,+,64,100,,68,99,,115,160,,75,107,,23,53,,62,,,173,75,80,21,102,80,34,58,90,150,62,19,,,,,,,,,,,,,,,,,,,,,,,,,,,,,,,,,,
16-Aug,16/8,,108.10,71,79,109,,55,100,+,76,98,,93,120,,56,83,,71,117,+,33,100,+,67,100,,65,96,,115,160,,75,107,,23,53,,72,,,173,75,78,15,110,80,34,58,90,145,62,23,,,,,,,,,,,,,,,,,,,,,,,,,,,,,,,,,,
17-Aug,17/8,,106.90,70,80,110,,51,90,+,73,95,,90,118,,57,87,,75,121,+,32,100,+,67,100,,60,91,,120,160,,75,107,,21,53,,72,,,173,75,78,15,110,80,44,58,90,130,62,22,,,,,,,,,,,,,,,,,,,,,,,,,,,,,,,,,,
18-Aug,18/8,,108.70,70,95,117,,48,80,+,74,98,,87,116,,61,92,,92,140,+,18,100,+,67,100,,63,94,,120,160,,75,107,,25,55,,72,,,173,79,77,25,105,75,44,60,100,115,62,21,,,,,,,,,,,,,,,,,,,,,,,,,,,,,,,,,,
19-Aug,19/8,,106.60,70,109,129,,44,75,+,74,89,,86,115,,54,87,,94,142,+,18,100,+,71,100,,60,91,,120,160,,75,107,,28,55,,69,,,173,79,75,30,104,72,42,60,108,110,62,20,,,,,,,,,,,,,,,,,,,,,,,,,,,,,,,,,,
20-Aug,20/8,,108.50,71,113,135,,50,85,+,74,98,,83,113,,61,90,,94,142,+,18,100,+,72,102,,60,90,,120,160,,73,105,,28,56,,55,,,173,79,74,36,107,70,40,60,108,105,62,20,,,,,,,,,,,,,,,,,,,,,,,,,,,,,,,,,,
21-Aug,21/8,21-Aug,111.00,73,112,136,,67,102,+,74,98,,83,113,,63,90,,94,144,+,17,100,+,77,108,,60,90,,120,160,,72,105,,26,56,,52,,,171,79,74,44,107,68,37,60,108,95,60,18,,,,,,,,,,,,,,,,,,,,,,,,,,,,,,,,,,
22-Aug,22/8,,111.00,75,114,137,,75,92,+,72,96,,83,113,,69,101,,94,144,+,17,90,+,79,109,,59,90,,126,170,,72,105,,25,55,,52,,,168,82,74,59,107,63,32,58,109,90,60,18,,,,,,,,,,,,,,,,,,,,,,,,,,,,,,,,,,
23-Aug,23/8,,111.60,73,115,138,,75,92,+,60,84,,83,113,,83,118,,80,144,+,17,90,+,80,110,,59,90,,126,170,,70,105,,25,56,,52,,,168,81,74,81,118,60,0,57,110,85,63,18,,,,,,,,,,,,,,,,,,,,,,,,,,,,,,,,,,
24-Aug,24/8,,108.80,72,118,143,,76,92,+,55,80,,79,110,,83,115,,74,139,+,15,80,+,83,110,,57,87,,126,170,,70,105,,22,55,,50,,,168,82,74,81,118,60,0,70,115,85,65,18,,,,,,,,,,,,,,,,,,,,,,,,,,,,,,,,,,
25-Aug,25/8,,109.00,72,120,145,,76,92,+,55,80,,79,110,,83,115,,74,139,+,14,80,+,87,114,,57,87,,126,170,,68,103,,18,51,,49,,,164,96,74,75,126,50,0,70,115,85,63,18,,,,,,,,,,,,,,,,,,,,,,,,,,,,,,,,,,
26-Aug,26/8,,114.00,76,118,145,,77,95,+,54,80,,75,106,,80,115,,89,149,+,14,80,+,113,141,,68,101,,126,170,,68,103,,21,54,,49,,,160,98,74,72,130,45,0,74,110,75,60,18,,,,,,,,,,,,,,,,,,,,,,,,,,,,,,,,,,
27-Aug,27/8,,113.90,77,120,148,,77,95,+,55,80,,73,104,,80,115,,89,149,+,12,75,+,130,155,,65,95,,126,170,,66,101,,20,53,,48,,,158,100,73,71,133,38,0,74,105,75,60,18,,,,,,,,,,,,,,,,,,,,,,,,,,,,,,,,,,
28-Aug,28/8,28-Aug,111.90,74,121,150,,77,95,+,56,81,,73,103,,75,110,,89,149,+,0,70,+,132,157,,65,95,,118,165,,60,94,,19,52,,44,,,156,100,72,70,133,35,0,74,100,68,56,18,,,,,,,,,,,,,,,,,,,,,,,,,,,,,,,,,,
29-Aug,29/8,,111.20,74,121,150,,75,93,+,57,85,,72,101,,75,110,,89,149,+,4,70,+,132,157,,63,93,,115,162,,56,92,,18,51,,44,,,156,100,70,65,134,30,0,74,95,68,54,18,,,,,,,,,,,,,,,,,,,,,,,,,,,,,,,,,,
30-Aug,30/8,,107.40,71,120,150,,74,92,+,57,85,,70,100,,50,85,,90,149,+,4,60,+,130,157,,64,94,,115,162,,53,90,,17,50,,42,,,154,100,70,65,138,20,0,74,95,60,52,18,,,,,,,,,,,,,,,,,,,,,,,,,,,,,,,,,,
31-Aug,31/8,,107.80,70,119,150,,68,88,+,57,85,,70,100,,48,85,,101,159,+,4,60,+,128,155,,64,94,,113,162,,45,90,,15,48,,30,,,158,104,70,65,138,20,0,74,93,61,50,17,,,,,,,,,,,,,,,,,,,,,,,,,,,,,,,,,,
1-Sep,1/9,,106.10,68,118,150,,65,83,+,55,85,,65,95,,44,81,,102,160,+,4,60,+,122,152,,63,93,,118,167,,43,85,,12,45,,38,,,154,109,70,60,138,15,0,60,93,61,50,12,,,,,,,,,,,,,,,,,,,,,,,,,,,,,,,,,,
2-Sep,2/9,,105.00,66,117,150,,57,75,+,55,85,,69,99,,41,78,,101,160,+,0,60,+,118,150,,63,93,,114,165,,43,85,,5,40,,38,,,151,109,70,60,145,12,0,58,93,61,50,8,,,,,,,,,,,,,,,,,,,,,,,,,,,,,,,,,,
3-Sep,3/9,,102.80,63,115,147,,44,64,+,52,83,,71,100,,31,68,,101,160,+,0,60,+,117,150,,58,93,,114,165,,41,85,,0,35,,37,,,149,109,67,57,145,12,0,50,93,61,48,12,,,,,,,,,,,,,,,,,,,,,,,,,,,,,,,,,,
4-Sep,4/9,4-Sep,100.50,60,117,149,,44,64,+,51,83,,71,100,,28,74,,96,155,+,0,53,+,102,140,,56,88,,108,163,,41,85,,1,35,,37,,,156,109,60,52,140,8,0,47,93,60,48,12,,,,,,,,,,,,,,,,,,,,,,,,,,,,,,,,,,
5-Sep,5/9,,96.80,55,124,157,,44,64,+,51,83,,71,100,,14,67,,81,145,+,0,50,+,83,121,,59,91,,106,161,,42,86,,0,36,,36,,,156,109,59,50,138,9,0,47,93,64,37,12,,,,,,,,,,,,,,,,,,,,,,,,,,,,,,,,,,
6-Sep,6/9,,96.20,55,137,173,,44,64,+,49,81,,66,95,,10,60,,81,145,+,0,48,+,93,130,,60,92,,106,161,,42,86,,1,36,,36,,,152,109,59,50,141,9,0,45,97,70,35,12,,,,,,,,,,,,,,,,,,,,,,,,,,,,,,,,,,
7-Sep,7/9,,95.10,54,142,183,,42,62,+,50,83,,66,95,,9,55,,84,149,+,0,49,+,93,130,,60,92,,101,155,,35,81,,2,36,,35,,,152,109,56,50,141,12,0,40,98,70,35,12,,,,,,,,,,,,,,,,,,,,,,,,,,,,,,,,,,
8-Sep,8/9,,94.70,54,147,188,,40,60,+,56,89,,66,95,,7,53,,94,159,+,3,50,+,93,130,,55,80,,95,150,,35,81,,0,36,,30,,,147,105,56,45,136,12,0,40,98,70,32,10,,,,,,,,,,,,,,,,,,,,,,,,,,,,,,,,,,
9-Sep,9/9,,93.50,53,153,190,,33,53,+,56,89,,60,90,,4,50,,95,160,+,0,50,+,93,130,,57,82,,94,150,,35,81,,0,32,,22,,,143,105,54,50,133,11,0,38,98,70,35,0,,,,,,,,,,,,,,,,,,,,,,,,,,,,,,,,,,
10-Sep,10/9,,89.60,49,153,190,,24,45,+,55,89,,35,55,,0,50,,95,160,+,9,57,+,88,127,,57,82,,91,150,,35,81,,0,32,,6,,,140,104,57,43,145,10,0,37,108,70,35,0,,,,,,,,,,,,,,,,,,,,,,,,,,,,,,,,,,
11-Sep,11/9,11-Sep,88.00,48,152,190,,19,41,+,53,88,,35,55,,0,45,,95,160,+,9,58,+,92,130,,54,79,,91,145,,33,79,,0,32,,0,,,144,101,57,40,140,10,0,36,100,70,32,0,,,,,,,,,,,,,,,,,,,,,,,,,,,,,,,,,,
12-Sep,12/9,,87.80,47,149,187,,19,41,+,53,88,,34,54,,3,45,,88,160,+,14,60,+,92,130,,51,76,,88,145,,33,79,,0,32,,8,,,155,95,55,35,148,10,0,34,97,70,32,0,,,,,,,,,,,,,,,,,,,,,,,,,,,,,,,,,,
13-Sep,13/9,,84.40,45,132,174,,16,37,+,49,84,,34,54,,0,48,,83,150,+,14,60,+,91,129,,47,72,,86,140,,30,70,,0,22,,11,,,155,90,52,35,144,10,0,32,110,65,30,0,,,,,,,,,,,,,,,,,,,,,,,,,,,,,,,,,,
14-Sep,14/9,,83.70,42,129,171,,15,36,+,41,84,,34,54,,0,45,,83,150,+,10,60,+,88,126,,40,72,,78,140,,30,70,,0,21,,11,,,155,98,49,30,140,10,0,32,132,62,30,0,,,,,,,,,,,,,,,,,,,,,,,,,,,,,,,,,,
15-Sep,15/9,,79.00,39,135,176,,23,36,+,32,75,,26,47,,0,45,,83,150,+,0,58,+,84,122,,40,67,,70,120,,30,70,,0,21,,10,,,155,118,49,30,134,10,10,30,132,60,30,0,,,,,,,,,,,,,,,,,,,,,,,,,,,,,,,,,,
16-Sep,16/9,,78.60,39,137,178,,19,38,+,32,62,,20,41,,0,45,,82,149,+,0,58,+,86,124,,40,67,,82,132,,30,70,,0,20,,16,,,155,124,37,22,130,10,20,28,124,58,30,25,,,,,,,,,,,,,,,,,,,,,,,,,,,,,,,,,,
17-Sep,17/9,,75.30,37,137,178,,19,38,+,27,62,,20,41,,0,30,,78,145,+,0,55,+,88,125,,27,62,,76,130,,35,65,,0,20,,,,,155,122,37,18,126,5,25,28,120,55,25,5,,,,,,,,,,,,,,,,,,,,,,,,,,,,,,,,,,
18-Sep,18/9,18-Sep,72.90,35,135,176,,16,38,+,20,62,,25,44,,0,25,,76,143,+,0,48,+,88,125,,17,55,,70,124,,35,65,,0,20,,28,,,153,120,28,15,120,16,25,20,112,55,25,0,,,,,,,,,,,,,,,,,,,,,,,,,,,,,,,,,,
19-Sep,19/9,,70.20,33,135,176,,11,33,+,18,58,,22,44,,10,30,,73,140,+,0,42,+,86,123,,13,50,,63,117,,32,65,,0,15,,29,,,151,118,28,15,117,18,10,27,102,50,25,0,,,,,,,,,,,,,,,,,,,,,,,,,,,,,,,,,,
20-Sep,20/9,,68.20,31,136,176,,11,33,+,16,56,,22,44,,10,30,,68,135,+,0,38,+,84,120,,10,47,,60,114,,30,65,,0,0,,,,,149,118,28,10,112,15,5,23,102,40,35,0,,,,,,,,,,,,,,,,,,,,,,,,,,,,,,,,,,
21-Sep,21/9,,66.20,29,134,176,,13,34,+,16,56,,20,42,,5,30,,64,132,+,0,38,+,84,120,,5,40,,55,105,,29,65,,0,0,,,,,147,116,28,10,108,10,0,22,104,38,42,8,,,,,,,,,,,,,,,,,,,,,,,,,,,,,,,,,,
22-Sep,22/9,,61.50,26,126,173,,13,34,+,16,56,,17,39,,0,25,,54,122,+,0,25,+,77,114,,0,35,,50,100,,29,65,,0,0,,,,,145,114,25,8,100,10,0,22,100,33,42,12,,,,,,,,,,,,,,,,,,,,,,,,,,,,,,,,,,
23-Sep,23/9,,56.00,24,119,169,,9,29,+,18,52,,17,38,,,,,54,122,+,0,20,+,75,112,,0,30,,40,92,,29,65,,0,0,,,,,142,111,20,6,95,10,0,21,95,33,40,10,,,,,,,,,,,,,,,,,,,,,,,,,,,,,,,,,,
24-Sep,24/9,,54.80,22,106,163,,9,29,+,13,52,,13,35,,,,,48,116,+,0,20,+,71,110,,0,30,,40,92,,28,64,,0,0,,14,,,135,109,20,0,92,10,0,20,90,31,40,10,,,,,,,,,,,,,,,,,,,,,,,,,,,,,,,,,,
25-Sep,25/9,25-Sep,53.20,21,101,160,,5,25,+,10,48,,12,34,,,,,48,116,+,0,20,+,70,109,,0,30,,37,90,,25,60,,0,0,,14,,,128,105,18,0,87,10,,19,85,25,40,0,,,,,,,,,,,,,,,,,,,,,,,,,,,,,,,,,,
26-Sep,26/9,,55.70,24,104,163,,5,25,+,7,48,,8,30,,,,,46,114,+,0,20,+,67,102,,45,70,,35,88,,25,60,,0,0,,14,,,123,95,18,4,80,10,,18,85,23,40,0,,,,,,,,,,,,,,,,,,,,,,,,,,,,,,,,,,
27-Sep,27/9,,52.80,23,102,161,,,,+,0,48,,7,29,,,,,41,110,+,0,15,+,65,100,,57,80,,35,88,,23,58,,0,0,,13,,,118,102,10,0,72,10,,18,75,20,40,0,,,,,,,,,,,,,,,,,,,,,,,,,,,,,,,,,,
28-Sep,28/9,,46.60,21,98,157,,,,+,,,,6,28,,,,,33,105,+,0,15,+,58,95,,58,85,,30,80,,23,58,,0,0,,13,,,114,106,10,0,66,10,,17,50,20,48,0,,,,,,,,,,,,,,,,,,,,,,,,,,,,,,,,,,
29-Sep,29/9,,43.70,20,94,155,,,,+,,,,,,,,,,33,105,+,0,15,+,58,95,,58,85,,25,75,,27,62,,0,0,,2,,,107,108,15,0,65,,,16,62,20,48,0,,,,,,,,,,,,,,,,,,,,,,,,,,,,,,,,,,
30-Sep,30/9,,41.30,21,92,152,,,,,,,,,,,,,,44,111,+,15,0,,49,90,,53,80,,25,70,,27,62,,0,0,,8,,,93,108,12,0,,,,10,52,20,60,0,,,,,,,,,,,,,,,,,,,,,,,,,,,,,,,,,,
1-Oct,1/10,,33.90,16,92,150,,,,,,,,,,,,,,44,111,+,17,0,,47,88,,53,75,,0,65,,0,0,,0,0,,3,,,85,106,12,,,,,10,70,18,60,0,,,,,,,,,,,,,,,,,,,,,,,,,,,,,,,,,,
2-Oct,2/10,2-Oct,30.90,13,92,150,,,,,,,,,,,,,,39,107,+,17,0,,45,85,,25,55,,0,62,,,,,0,0,,2,,,75,,10,,,,,10,77,18,56,0,,,,,,,,,,,,,,,,,,,,,,,,,,,,,,,,,,
3-Oct,3/10,,30.40,10,92,150,,,,,,,,,,,,,,36,104,+,,,,42,83,,25,55,,0,62,,,,,0,0,,,,,70,,8,,,,,10,75,17,45,0,,,,,,,,,,,,,,,,,,,,,,,,,,,,,,,,,,
4-Oct,4/10,,14.80,4,85,147,,,,,,,,,,,,,,25,98,+,,,,,,,10,25,,0,25,,,,,0,0,,,,,,,6,,,,,10,75,17,43,0,,,,,,,,,,,,,,,,,,,,,,,,,,,,,,,,,,
5-Oct,5/10,,9.50,2,82,145,,,,,,,,,,,,,,22,95,+,,,,,,,,,,0,0,,,,,0,0,,,,,,,5,,,,,10,70,12,42,0,,,,,,,,,,,,,,,,,,,,,,,,,,,,,,,,,,
6-Oct,6/10,,8.50,2,75,145,,,,,,,,,,,,,,15,85,+,,,,,,,,,,,,,,,,0,0,,,,,,,0,,,,,10,55,12,42,0,,,,,,,,,,,,,,,,,,,,,,,,,,,,,,,,,,
7-Oct,7/10,,8.50,2,68,135,,,,,,,,,,,,,,15,85,+,,,,,,,,,,,,,,,,0,0,,,,,,,0,,,,,10,55,12,42,0,,,,,,,,,,,,,,,,,,,,,,,,,,,,,,,,,,
8-Oct,8/10,,0.00,0,64,127,,,,,,,,,,,,,,,,,,,,,,,,,,,,,,,,,,,,,,,,,,,,,,,,,,,,,,,,,,,,,,,,,,,,,,,,,,,,,,,,,,,
9-Oct,9/10,9-Oct,0.00,0,,,,,,,,,,,,,,,,,,,,,,,,,,,,,,,,,,,,,,,,,,,,,,,,,,,,,,,,,,,,,,,,,,,,,,,,,,,,,,,,,,,,,
,,,,,,,,,,,,,,,,,,,,,,,,,,,,,,,,,,,,,,,,,,,,,,,,,,,,,,,,,,,,,,,,,,,,,,,,,,,,,,,,,,,,,,,,,
Av Snow Depth Natural,,,,,72.58912284,,,39,,,33,,,70,,,27,,,48,,,30,,,53,,,51,,,60,,,57,,,8,,,34,,,107,62,49,18,93,26,18,26,61,63,36,16,,,,,,,,,,,,,,,,,,,,,,,,,,,,,,,,,,
Av Snow Depth S'making,,,,,,104.4791731,,,65,,,61,,,89,,,53,,,95,,,71,,,90,,,74,,,91,,,81,,,31,,,,,,,,,,,,,,,,,,,,,,,,,,,,,,,,,,,,,,,,,,,,,,,,,,
,,,,,,,,,,,,,,,,,,,,,,,,,,,,,,,,,,,,,,,,,,,,,,,,,,,,,,,,,,,,,,,,,,,,,,,,,,,,,,,,,,,,,,,,,
,,,,,,,,,,,,,,,,,,,,,,,,,,,,,,,,,,,,,,,,,,,,,,,,,,,,,,,,,,,,,,,,,,,,,,,,,,,,,,,,,,,,,,,,,
,,,,,,,,,,,,,,,,,,,,,,,,,,,,,,,,,,,,,,,,,,,,,,,,,,,,,,,,,,,,,,,,,,,,,,,,,,,,,,,,,,,,,,,,,
,,,,,,,,,,,,,,,,,,,,,,,,,,,,,,,,,,,,,,,,,,,,,,,,,,,,,,,,,,,,,,,,,,,,,,,,,,,,,,,,,,,,,,,,,
,,,,,,,,,,,,,,,,,,,,,,,,,,,,,,,,,,,,,,,,,,,,,,,,,,,,,,,,,,,,,,,,,,,,,,,,,,,,,,,,,,,,,,,,,
,,,,,,,,,,,,,,,,,,,,,,,,,,,,,,,,,,,,,,,,,,,,,,,,,,,,,,,,,,,,,,,,,,,,,,,,,,,,,,,,,,,,,,,,,
,,,,,,,,,,,,,,,,,,,,,,,,,,,,,,,,,,,,,,,,,,,,,,,,,,,,,,,,,,,,,,,,,,,,,,,,,,,,,,,,,,,,,,,,,
,,,,,,,,,,,,,,,,,,,,,,,,,,,,,,,,,,,,,,,,,,,,,,,,,,,,,,,,,,,,,,,,,,,,,,,,,,,,,,,,,,,,,,,,,
,,,,,,,,,,,,,,,,,,,,,,,,,,,,,,,,,,,,,,,,,,,,,,,,,,,,,,,,,,,,,,,,,,,,,,,,,,,,,,,,,,,,,,,,,
,,,,,,,,,,,,,,,,,,,,,,,,,,,,,,,,,,,,,,,,,,,,,,,,,,,,,,,,,,,,,,,,,,,,,,,,,,,,,,,,,,,,,,,,,
,,,,,,,,,,,,,,,,,,,,,,,,,,,,,,,,,,,,,,,,,,,,,,,,,,,,,,,,,,,,,,,,,,,,,,,,,,,,,,,,,,,,,,,,,
,,,,,,,,,,,,,,,,,,,,,,,,,,,,,,,,,,,,,,,,,,,,,,,,,,,,,,,,,,,,,,,,,,,,,,,,,,,,,,,,,,,,,,,,,
,,,,,,,,,,,,,,,,,,,,,,,,,,,,,,,,,,,,,,,,,,,,,,,,,,,,,,,,,,,,,,,,,,,,,,,,,,,,,,,,,,,,,,,,,
,,,,,,,,,,,,,,,,,,,,,,,,,,,,,,,,,,,,,,,,,,,,,,,,,,,,,,,,,,,,,,,,,,,,,,,,,,,,,,,,,,,,,,,,,
,,,,,,,,,,,,,,,,,,,,,,,,,,,,,,,,,,,,,,,,,,,,,,,,,,,,,,,,,,,,,,,,,,,,,,,,,,,,,,,,,,,,,,,,,
,,,,,,,,,,,,,,,,,,,,,,,,,,,,,,,,,,,,,,,,,,,,,,,,,,,,,,,,,,,,,,,,,,,,,,,,,,,,,,,,,,,,,,,,,
,,,,,,,,,,,,,,,,,,,,,,,,,,,,,,,,,,,,,,,,,,,,,,,,,,,,,,,,,,,,,,,,,,,,,,,,,,,,,,,,,,,,,,,,,
,,,,,,,,,,,,,,,,,,,,,,,,,,,,,,,,,,,,,,,,,,,,,,,,,,,,,,,,,,,,,,,,,,,,,,,,,,,,,,,,,,,,,,,,,
,,,,,,,,,,,,,,,,,,,,,,,,,,,,,,,,,,,,,,,,,,,,,,,,,,,,,,,,,,,,,,,,,,,,,,,,,,,,,,,,,,,,,,,,,
,,,,,,,,,,,,,,,,,,,,,,,,,,,,,,,,,,,,,,,,,,,,,,,,,,,,,,,,,,,,,,,,,,,,,,,,,,,,,,,,,,,,,,,,,
,,,,,,,,,,,,,,,,,,,,,,,,,,,,,,,,,,,,,,,,,,,,,,,,,,,,,,,,,,,,,,,,,,,,,,,,,,,,,,,,,,,,,,,,,
,,,,,,,,,,,,,,,,,,,,,,,,,,,,,,,,,,,,,,,,,,,,,,,,,,,,,,,,,,,,,,,,,,,,,,,,,,,,,,,,,,,,,,,,,
,,,,,,,,,,,,,,,,,,,,,,,,,,,,,,,,,,,,,,,,,,,,,,,,,,,,,,,,,,,,,,,,,,,,,,,,,,,,,,,,,,,,,,,,,
,,,,,,,,,,,,,,,,,,,,,,,,,,,,,,,,,,,,,,,,,,,,,,,,,,,,,,,,,,,,,,,,,,,,,,,,,,,,,,,,,,,,,,,,,
,,,,,,,,,,,,,,,,,,,,,,,,,,,,,,,,,,,,,,,,,,,,,,,,,,,,,,,,,,,,,,,,,,,,,,,,,,,,,,,,,,,,,,,,,
,,,,,,,,,,,,,,,,,,,,,,,,,,,,,,,,,,,,,,,,,,,,,,,,,,,,,,,,,,,,,,,,,,,,,,,,,,,,,,,,,,,,,,,,,
,,,,,,,,,,,,,,,,,,,,,,,,,,,,,,,,,,,,,,,,,,,,,,,,,,,,,,,,,,,,,,,,,,,,,,,,,,,,,,,,,,,,,,,,,
,,,,,,,,,,,,,,,,,,,,,,,,,,,,,,,,,,,,,,,,,,,,,,,,,,,,,,,,,,,,,,,,,,,,,,,,,,,,,,,,,,,,,,,,,
,,,,,,,,,,,,,,,,,,,,,,,,,,,,,,,,,,,,,,,,,,,,,,,,,,,,,,,,,,,,,,,,,,,,,,,,,,,,,,,,,,,,,,,,,
,,,,,,,,,,,,,,,,,,,,,,,,,,,,,,,,,,,,,,,,,,,,,,,,,,,,,,,,,,,,,,,,,,,,,,,,,,,,,,,,,,,,,,,,,
