MOUNT HOTHAM,,,,,"SNOW DEPTHS - NATURAL FROM 1993, SNOW-MAKING FROM 2006",,,,,,,,,,,,,,,,,,,,,,,,,,,,,,,,,,,,,,,,,,,,,,,,,,,,,,,,,,,,,,,,,,,,,,,,,,,,,,,,,,,,
,,,,,Daily data,,,,,,,,,,,,,,,,,,,,,,,,,,,,,,,,,,,,,,,,,,,,,,,,,,,,,,,,,,,,,,,,,,,,,,,,,,,,,,,,,,,,
,Day,,10 Year Average Snow Making Depth,10 Year Average Natural Snow Depth,2017 Natural Snow Depth,2017 Average depth in snow-making area (36 ha),+ means that snowmaking depth is = or > than natural snow depth,2016 Natural Snow Depth,2016 Average depth in snow-making area (36 ha),+ means that snowmaking depth is = or > than natural snow depth,2015 Natural Snow Depth,2015 Average depth in snow-making area (36 ha),+ means that snowmaking depth is = or > than natural snow depth,2014 Natural Snow Depth,2014 Average depth in snow-making area (36 ha),,2013 Natural Snow Depth,2013 Average depth in snow-making area (36 ha),,2012 Natural Snow Depth,2012 Average depth in snow-making area (36 ha),,2011 Natural Snow Depth,2011 Average depth in snow-making area (36 ha),,2010 Natural Snow Depth,2010 Average depth in snow-making area (36 ha),,2009 Natural Snow Depth,2009 Average depth in snow-making area (36 ha),,2008 Natural Snow Depth,2008 Average depth in snow-making area (36 ha),,2007 Natural Snow Depth,2007 Average depth in snow-making area (36 ha),,2006 Natural Snow Depth,2006 Average depth in snow-making area (36 ha),+ means that snowmaking depth is = or > than natural snow depth,2005,BLANK,BLANK,2004,2003,2002,2001,2000,1999,1998,1997,1996,1995,1994,1993,,,,,,,,,,,,,,,,,,,,,,,,,,,,,,,,,,
5-Jun,5/6,5-Jun,0.00,0,,,,,,,,,,,,,,,,,,,,,,,,,0,0,,,,,,,,,,,,,,0,0,,0,75,0,0,0,0,0,0,0,,,,,,,,,,,,,,,,,,,,,,,,,,,,,,,,,,
6-Jun,6/6,,0.00,0,,,,,,,0,0,,,,,,,,,,,,,,,,,0,0,,,,,,,,,,,,,,0,11,,0,85,0,0,0,0,0,0,0,,,,,,,,,,,,,,,,,,,,,,,,,,,,,,,,,,
7-Jun,7/6,,0.00,0,30,0,,,,,0,0,,,,,,,,,,,,,,,,,0,0,,,,,,,,,,,,,,0,31,2,0,82,0,0,0,0,0,0,0,,,,,,,,,,,,,,,,,,,,,,,,,,,,,,,,,,
8-Jun,8/6,,3.20,3,30,0,,,,,0,0,,,,,,,,,,,,,,,,,10,0,,0,0,,23,32,,0,0,,,,,0,35,11,0,80,0,20,0,4,0,0,0,,,,,,,,,,,,,,,,,,,,,,,,,,,,,,,,,,
9-Jun,9/6,,6.70,8,26,0,,,,,0,0,,,,,,,,35,35,+,,,,,,,19,0,,0,0,,23,32,,0,0,,,,,0,33,2,0,81,0,18,0,3,0,0,0,,,,,,,,,,,,,,,,,,,,,,,,,,,,,,,,,,
10-Jun,10/6,,9.70,9,25,25,,0,0,+,0,0,,,,,,,,33,35,+,,,,,,,38,38,+,0,0,,19,24,,0,0,,0,,,0,31,0,0,84,0,15,1.5,2,0,2,0,,,,,,,,,,,,,,,,,,,,,,,,,,,,,,,,,,
11-Jun,11/6,,12.90,12,25,34,,2,2,+,0,0,,,,,,,,33,35,+,27,30,+,,,,38,38,+,0,0,,19,24,,5,20,,0,,,0,30,0,0,80,0,15,0,0,14,4,16,,,,,,,,,,,,,,,,,,,,,,,,,,,,,,,,,,
12-Jun,12/6,12-Jun,16.20,13,25,34,,6,5,,0,20,,,,,,,,33,35,+,26,30,+,8,10,+,35,32,+,0,0,,21,30,,5,20,,0,,,0,29,0,0,74,0,12,0,0,17,6,67,,,,,,,,,,,,,,,,,,,,,,,,,,,,,,,,,,
13-Jun,13/6,,17.10,13,23,34,,0,5,+,0,20,,,,,,,,30,37,+,24,30,+,13,13,+,33,33,+,10,0,,22,33,,5,20,,0,,,0,25,10,0,74,3,25,0,0,17,5,81,,,,,,,,,,,,,,,,,,,,,,,,,,,,,,,,,,
14-Jun,14/6,,16.70,13,22,33,,0,,,0,20,,,,,,,,29,37,+,21,30,+,13,13,+,33,33,+,15,0,,23,34,,5,20,,4,,,0,53,27,4,73,30,24,20,0,16,5,79,,,,,,,,,,,,,,,,,,,,,,,,,,,,,,,,,,
15-Jun,15/6,,15.20,13,21,32,,0,0,+,0,20,,,,,,,,29,37,+,18,20,+,9,10,+,31,31,+,14,0,,27,34,,5,20,,3,,,10,40,33,15,71,30,23,20,0,16,18,73,,,,,,,,,,,,,,,,,,,,,,,,,,,,,,,,,,
16-Jun,16/6,,17.40,12,20,31,,0,25,+,0,15,,,,,,,,27,37,+,17,20,+,9,10,+,30,35,+,14,0,,25,32,,5,20,,15,,,26,42,26,18,69,38,26,20,0,16,16,70,,,,,,,,,,,,,,,,,,,,,,,,,,,,,,,,,,
17-Jun,17/6,,15.90,12,20,30,,0,25,+,0,10,,,,,,,,32,35,+,17,18,+,7,10,+,28,28,+,14,0,,25,33,,5,50,,40,,,26,42,26,18,66,38,25,18,0,22,22,66,,,,,,,,,,,,,,,,,,,,,,,,,,,,,,,,,,
18-Jun,18/6,,17.80,13,20,30,,0,0,+,1,10,,,,,,,,32,35,+,22,22,+,14,50,,28,28,+,6,0,,24,33,,5,50,,42,,,30,42,34,18,65,35,24,17,0,22,22,59,,,,,,,,,,,,,,,,,,,,,,,,,,,,,,,,,,
19-Jun,19/6,19-Jun,20.10,12,19,30,,0,0,+,2,10,,,,,,,,30,35,+,18,38,+,13,50,,28,28,+,3,0,,29,40,,5,50,,43,,,63,40,34,15,64,40,24,17,0,21,48,58,,,,,,,,,,,,,,,,,,,,,,,,,,,,,,,,,,
20-Jun,20/6,,20.80,14,19,30,,0,0,+,3,10,,,,,,,,30,35,+,18,38,+,13,50,,28,28,+,0,0,,47,47,,2,50,,46,,,70,38,34,15,64,37,24,16,0,21,53,71,,,,,,,,,,,,,,,,,,,,,,,,,,,,,,,,,,
21-Jun,21/6,,20.80,14,19,30,,0,0,+,3,10,,,,,,,,34,35,+,18,38,+,13,50,,26,28,+,0,0,,47,47,,2,50,,58,,,70,38,35,23,58,33,24,16,0,22,52,68,,,,,,,,,,,,,,,,,,,,,,,,,,,,,,,,,,
22-Jun,22/6,,28.80,24,18,30,,15,15,+,3,10,,,,,,,,80,80,+,45,45,+,12,50,,26,28,+,0,0,,56,60,,2,50,,64,,,63,39,37,22,72,33,14,15,0,22,48,63,,,,,,,,,,,,,,,,,,,,,,,,,,,,,,,,,,
23-Jun,23/6,,29.40,23,18,30,,24,20,+,2,10,,,,,,,,78,80,+,46,46,+,12,50,,18,28,+,0,0,,51,60,,3,50,,69,,,59,43,37,22,88,32,31,14,0,22,46,68,,,,,,,,,,,,,,,,,,,,,,,,,,,,,,,,,,
24-Jun,24/6,,33.30,29,20,30,,45,20,,0,10,,40,40,,,,,81,81,+,44,44,+,12,50,,18,28,+,0,0,,50,60,,21,50,,65,,,59,42,37,22,86,32,46,12,4,22,52,67,,,,,,,,,,,,,,,,,,,,,,,,,,,,,,,,,,
25-Jun,25/6,,36.30,30,21,30,,49,40,,0,10,,55,55,,,,,79,80,+,37,38,+,11,50,,20,30,+,0,0,,48,60,,22,55,,64,,,63,42,37,20,83,31,55,15,3,22,67,65,,,,,,,,,,,,,,,,,,,,,,,,,,,,,,,,,,
26-Jun,26/6,26-Jun,33.00,29,22,30,,48,40,,0,10,,52,52,,,,,76,80,+,35,38,+,11,20,,23,30,+,1,0,,46,60,,21,55,,60,,,93,42,40,18,80,29,52,15,12,21,67,63,,,,,,,,,,,,,,,,,,,,,,,,,,,,,,,,,,
27-Jun,27/6,,35.60,30,22,30,,46,40,,0,10,,46,46,,10,17,,74,80,+,34,38,+,13,20,,23,37,+,2,4,,50,64,,20,55,,58,,,92,42,37,17,80,29,50,15,34,21,79,60,,,,,,,,,,,,,,,,,,,,,,,,,,,,,,,,,,
28-Jun,28/6,,37.40,33,22,30,,45,40,,0,10,,55,55,,10,17,,71,80,+,34,48,+,13,20,+,22,36,,2,4,,76,64,,20,55,,58,,,90,41,63,15,80,29,48,8,31,23,80,60,,,,,,,,,,,,,,,,,,,,,,,,,,,,,,,,,,
29-Jun,29/6,,41.70,35,22,30,,44,40,,0,10,,81,81,,10,17,,69,80,+,33,48,+,13,20,+,25,36,,2,5,,71,80,,20,55,,58,,,91,40,66,14,98,28,54,6,31,32,77,59,,,,,,,,,,,,,,,,,,,,,,,,,,,,,,,,,,
30-Jun,30/6,,45.30,34,25,30,,40,40,+,0,10,,87,87,,10,17,,70,80,+,33,48,+,16,55,+,17,31,,0,5,,69,80,,19,55,,55,,,90,40,70,14,105,28,52,3,42,38,72,59,,,,,,,,,,,,,,,,,,,,,,,,,,,,,,,,,,
1-Jul,1/7,,48.50,37,26,44,,40,50,+,0,10,,87,87,,10,17,,70,80,+,33,48,+,18,55,+,9,23,,25,35,,76,80,,18,55,,53,,,101,41,70,12,101,27,52,2,37,60,72,57,,,,,,,,,,,,,,,,,,,,,,,,,,,,,,,,,,
2-Jul,2/7,,49.70,43,25,58,,55,50,,4,10,,83,83,,8,15,,83,83,+,33,48,+,18,55,+,35,33,+,29,35,,81,85,,22,55,,62,,,106,40,65,13,100,27,54,0,42,64,72,55,,,,,,,,,,,,,,,,,,,,,,,,,,,,,,,,,,
3-Jul,3/7,3-Jul,52.10,45,25,58,,49,45,,8,10,,80,80,,4,12,,90,90,+,33,48,+,18,55,+,58,58,+,29,35,,83,88,,21,55,,60,,,108,40,63,13,98,27,49,0,42,68,71,46,,,,,,,,,,,,,,,,,,,,,,,,,,,,,,,,,,
4-Jul,4/7,,51.70,45,28,58,,47,45,,8,10,,76,76,,4,12,,90,90,+,37,48,+,18,55,+,58,58,+,29,35,,79,88,,20,48,,58,,,109,40,67,12,98,27,49,3,41,68,67,51,,,,,,,,,,,,,,,,,,,,,,,,,,,,,,,,,,
5-Jul,5/7,,53.50,47,30,58,,47,45,,8,10,,84,84,,10,11,,89,90,+,47,48,+,18,69,+,52,52,+,28,35,,91,91,,20,48,,58,,,108,40,87,12,95,27,47,3,39,67,63,45,,,,,,,,,,,,,,,,,,,,,,,,,,,,,,,,,,
6-Jul,6/7,,58.10,53,32,58,,60,50,,7,10,,89,89,,10,11,,90,90,+,67,67,+,20,69,+,52,52,+,26,35,,108,108,,21,50,,56,,,118,40,104,22,102,25,29,3,35,67,56,52,,,,,,,,,,,,,,,,,,,,,,,,,,,,,,,,,,
7-Jul,7/7,,63.70,57,34,58,,48,50,+,7,10,,85,85,,31,31,+,88,88,+,98,98,+,19,69,+,52,52,+,23,35,,119,119,,20,52,,51,,,125,38,114,47,104,25,27,0,47,67,52,47,,,,,,,,,,,,,,,,,,,,,,,,,,,,,,,,,,
8-Jul,8/7,,66.40,58,36,59,,48,50,+,7,10,,84,84,,37,37,+,88,88,+,92,92,+,18,69,+,52,61,+,35,48,,119,125,,20,52,,50,,,130,37,110,26,100,25,27,1,47,64,49,44,,,,,,,,,,,,,,,,,,,,,,,,,,,,,,,,,,
9-Jul,9/7,,76.90,60,43,60,,43,72,+,7,73,,88,88,,47,47,+,87,87,+,92,92,+,18,69,+,51,61,+,45,55,,120,125,,20,52,,70,,,125,38,109,24,104,25,48,23,45,66,49,42,,,,,,,,,,,,,,,,,,,,,,,,,,,,,,,,,,
10-Jul,10/7,10-Jul,79.20,62,47,60,,42,72,+,14,73,,109,109,,46,47,,86,87,+,93,93,+,18,69,+,50,61,+,46,56,,119,125,,21,55,,86,,,123,38,116,20,104,25,51,26,45,64,49,66,,,,,,,,,,,,,,,,,,,,,,,,,,,,,,,,,,
11-Jul,11/7,,82.80,66,48,60,,48,72,+,28,73,,110,110,,45,47,,85,85,+,96,96,+,12,69,+,50,61,+,72,90,,116,125,,22,55,,86,,,123,38,113,20,105,25,51,26,45,70,48,65,,,,,,,,,,,,,,,,,,,,,,,,,,,,,,,,,,
12-Jul,12/7,,84.10,68,47,60,,54,72,+,39,73,,114,114,,44,44,+,89,102,+,97,97,+,12,61,+,53,61,+,67,92,,115,125,,33,55,,83,,,126,38,112,19,104,25,51,26,46,82,48,64,,,,,,,,,,,,,,,,,,,,,,,,,,,,,,,,,,
13-Jul,13/7,,87.00,76,46,60,,87,72,,46,73,,118,118,,44,44,+,89,102,+,99,99,+,12,61,+,73,81,+,72,95,,116,125,,33,55,,88,,,120,52,110,16,103,25,45,24,46,90,59,60,,,,,,,,,,,,,,,,,,,,,,,,,,,,,,,,,,
14-Jul,14/7,,87.20,77,46,60,,94,72,,46,73,,116,116,,44,44,+,83,102,+,102,102,+,12,61,+,83,81,+,73,96,,116,125,,31,55,,86,,,119,53,111,14,101,22,48,24,47,95,59,57,,,,,,,,,,,,,,,,,,,,,,,,,,,,,,,,,,
15-Jul,15/7,,86.80,79,49,66,,95,72,,55,73,,114,114,,38,38,+,83,102,+,102,102,+,38,61,+,80,83,+,69,96,,116,127,,31,50,,86,,,119,49,108,18,105,20,48,21,47,106,57,52,,,,,,,,,,,,,,,,,,,,,,,,,,,,,,,,,,
16-Jul,16/7,,87.30,80,50,80,,92,72,,55,73,,131,131,,26,26,+,93,102,+,101,102,+,39,61,+,76,83,+,67,96,,116,127,,27,50,,84,,,118,49,96,25,104,20,48,36,47,109,58,52,,,,,,,,,,,,,,,,,,,,,,,,,,,,,,,,,,
17-Jul,17/7,17-Jul,88.20,80,50,80,,90,72,,56,73,,144,144,,23,23,+,92,102,+,100,100,+,36,61,+,77,83,+,65,94,,117,130,,23,50,,98,,,129,49,111,35,103,19,44,40,47,113,58,51,,,,,,,,,,,,,,,,,,,,,,,,,,,,,,,,,,
18-Jul,18/7,,92.60,82,56,80,,86,86,+,57,73,,152,152,,23,23,+,87,107,+,105,105,+,36,61,+,76,83,+,69,96,,131,140,,20,50,,99,,,131,49,115,34,102,19,46,35,49,125,58,50,,,,,,,,,,,,,,,,,,,,,,,,,,,,,,,,,,
19-Jul,19/7,,92.10,81,68,80,,72,86,+,55,73,,151,151,,11,11,+,86,107,+,111,111,+,36,61,+,79,83,+,78,98,,132,140,,20,50,,96,,,131,49,112,34,125,19,46,35,52,132,58,50,,,,,,,,,,,,,,,,,,,,,,,,,,,,,,,,,,
20-Jul,20/7,,93.50,80,72,80,,67,86,+,54,73,,149,149,,15,30,,90,107,+,101,111,+,35,61,+,74,83,+,81,95,+,131,140,,20,50,,93,,,127,51,109,34,129,64,45,33,62,126,58,50,,,,,,,,,,,,,,,,,,,,,,,,,,,,,,,,,,
21-Jul,21/7,,97.20,81,73,80,,64,86,+,54,73,,147,147,,15,30,+,89,107,+,98,111,+,34,91,+,74,83,+,104,104,,130,140,,20,50,,92,,,125,50,117,32,152,62,42,33,65,126,55,49,,,,,,,,,,,,,,,,,,,,,,,,,,,,,,,,,,
22-Jul,22/7,,100.20,82,73,86,,56,86,+,52,73,,146,146,,40,51,,88,107,+,99,111,+,34,91,+,72,92,+,105,105,+,129,140,,21,50,,92,,,124,61,115,31,152,71,41,33,69,141,56,52,,,,,,,,,,,,,,,,,,,,,,,,,,,,,,,,,,
23-Jul,23/7,,103.50,84,73,98,,59,82,+,52,89,,145,145,,48,51,,87,107,+,99,111,+,32,91,+,86,112,+,102,102,,127,145,,21,50,,90,,,123,79,110,30,167,68,43,31,78,154,56,52,,,,,,,,,,,,,,,,,,,,,,,,,,,,,,,,,,
24-Jul,24/7,24-Jul,103.70,80,76,98,,64,82,+,49,89,,143,143,,49,51,,86,108,+,95,111,+,32,91,+,83,112,+,70,105,,125,145,,25,50,,89,,,138,92,112,30,170,67,42,31,90,150,56,50,,,,,,,,,,,,,,,,,,,,,,,,,,,,,,,,,,
25-Jul,25/7,,102.50,85,79,98,,72,82,+,63,89,,141,141,,48,51,,86,108,+,103,111,+,32,91,+,83,112,+,97,100,+,122,140,,27,52,,88,,,153,116,112,30,173,67,40,31,102,149,56,40,,,,,,,,,,,,,,,,,,,,,,,,,,,,,,,,,,
26-Jul,26/7,,99.30,87,77,98,,92,82,,78,89,,138,138,,47,51,,86,108,+,100,105,+,31,91,+,82,92,+,97,97,+,121,140,,23,50,,83,,,154,131,111,30,180,67,38,29,101,147,58,37,,,,,,,,,,,,,,,,,,,,,,,,,,,,,,,,,,
27-Jul,27/7,,99.20,89,77,98,,105,82,,83,93,,135,135,,46,51,,91,108,+,100,105,+,32,91,+,82,92,+,103,100,,117,135,,23,50,,77,,,154,125,111,30,183,67,37,29,96,146,60,46,,,,,,,,,,,,,,,,,,,,,,,,,,,,,,,,,,
28-Jul,28/7,,99.40,90,82,98,,104,82,,85,93,,133,133,,46,51,,91,108,+,98,105,+,31,91,+,83,92,+,104,104,+,124,135,,23,50,,73,,,155,125,109,30,186,65,49,27,87,146,62,44,,,,,,,,,,,,,,,,,,,,,,,,,,,,,,,,,,
29-Jul,29/7,,102.20,89,82,108,,103,82,,83,93,,130,130,,45,51,,96,108,+,95,105,+,30,98,+,83,114,+,106,106,+,123,135,,23,50,,71,,,162,133,108,30,180,64,100,30,81,154,62,44,,,,,,,,,,,,,,,,,,,,,,,,,,,,,,,,,,
30-Jul,30/7,,105.20,87,79,115,,101,115,+,82,93,,122,129,,39,51,,98,108,+,98,105,+,27,98,+,80,114,+,104,104,+,120,135,,27,50,,71,,,161,134,104,29,178,62,105,30,78,163,61,43,,,,,,,,,,,,,,,,,,,,,,,,,,,,,,,,,,
31-Jul,31/7,31-Jul,105.00,85,77,115,,98,115,+,84,93,,110,129,,36,51,,99,108,+,97,105,+,24,98,+,84,114,+,102,102,+,120,135,,39,67,,71,,,158,132,103,28,178,66,98,30,75,160,69,43,,,,,,,,,,,,,,,,,,,,,,,,,,,,,,,,,,
1-Aug,1/8,,106.60,86,76,115,,90,115,+,81,93,,116,129,,35,51,,99,115,+,94,105,+,32,98,+,83,114,+,106,106,+,125,140,,46,70,,68,,,156,128,101,34,173,66,98,30,80,175,84,47,,,,,,,,,,,,,,,,,,,,,,,,,,,,,,,,,,
2-Aug,2/8,,110.60,92,75,115,,101,115,+,86,126,,128,129,,33,51,,100,115,+,89,112,+,60,98,+,81,114,+,123,106,+,124,140,,46,70,,68,,,158,126,104,38,171,66,91,30,112,183,92,53,,,,,,,,,,,,,,,,,,,,,,,,,,,,,,,,,,
3-Aug,3/8,,115.50,94,75,115,,100,115,+,98,126,,126,145,,33,64,,99,115,-,81,112,+,66,98,+,84,114,+,126,126,+,123,140,,46,70,,68,,,176,126,107,35,169,66,90,30,138,196,92,53,,,,,,,,,,,,,,,,,,,,,,,,,,,,,,,,,,
4-Aug,4/8,,115.50,95,85,115,,98,115,+,100,126,,124,145,,55,64,,99,115,-,77,112,+,61,98,+,84,114,+,126,126,+,123,140,,48,70,,65,,,196,120,117,34,168,65,87,30,160,195,91,54,,,,,,,,,,,,,,,,,,,,,,,,,,,,,,,,,,
5-Aug,5/8,,115.30,97,97,115,,97,115,+,106,126,,123,145,,56,64,,101,115,+,72,112,+,62,98,+,86,106,+,127,127,+,137,145,,47,75,,73,,,197,117,110,47,166,65,85,30,175,192,90,54,,,,,,,,,,,,,,,,,,,,,,,,,,,,,,,,,,
6-Aug,6/8,,117.40,99,111,115,,96,118,+,107,126,,120,145,,68,68,+,105,115,+,82,112,+,63,112,+,85,106,+,127,127,+,140,145,,45,75,,72,,,200,120,106,53,164,65,85,30,181,193,91,53,,,,,,,,,,,,,,,,,,,,,,,,,,,,,,,,,,
7-Aug,7/8,7-Aug,116.60,98,145,145,,95,118,+,108,126,,120,145,,65,65,+,115,115,+,75,112,+,63,112,+,81,106,+,122,122,+,134,145,,43,75,,71,,,200,126,114,54,161,63,83,35,212,195,93,51,,,,,,,,,,,,,,,,,,,,,,,,,,,,,,,,,,
8-Aug,8/8,,119.50,99,161,161,,95,118,+,106,142,,117,145,,65,65,+,117,128,+,79,112,+,62,112,+,90,106,+,122,122,+,133,145,,41,70,,77,,,197,125,113,62,154,63,80,62,219,192,95,54,,,,,,,,,,,,,,,,,,,,,,,,,,,,,,,,,,
9-Aug,9/8,,121.20,101,162,162,,93,118,+,105,142,,117,145,,81,81,+,133,133,+,80,106,+,61,112,+,86,106,+,124,124,+,132,145,,41,70,,77,,,200,136,111,64,152,66,74,74,215,192,96,59,,,,,,,,,,,,,,,,,,,,,,,,,,,,,,,,,,
10-Aug,10/8,,123.50,103,162,162,,92,118,+,105,142,,121,163,,78,78,+,136,136,+,83,106,+,62,112,+,86,106,+,134,134,+,130,140,,44,70,,100,,,203,135,109,68,171,112,72,65,215,190,95,62,,,,,,,,,,,,,,,,,,,,,,,,,,,,,,,,,,
11-Aug,11/8,,125.00,107,148,159,,95,118,+,108,142,,120,163,,77,77,+,136,136,+,109,109,+,70,122,+,86,106,+,142,142,+,126,135,,43,75,,109,,,205,135,108,66,167,108,70,64,204,186,94,74,,,,,,,,,,,,,,,,,,,,,,,,,,,,,,,,,,
12-Aug,12/8,,126.90,106,139,158,,96,118,+,108,142,,120,163,,74,74,+,135,136,+,101,109,+,75,122,+,86,130,+,145,145,+,120,130,,43,75,,112,,,203,135,108,60,180,107,70,86,202,182,94,74,,,,,,,,,,,,,,,,,,,,,,,,,,,,,,,,,,
13-Aug,13/8,,129.20,108,135,156,,100,117,+,114,142,,120,163,,84,90,,130,136,+,94,109,+,78,122,+,84,130,+,153,153,+,122,130,,43,75,,109,,,204,125,120,59,190,116,82,79,199,182,112,67,,,,,,,,,,,,,,,,,,,,,,,,,,,,,,,,,,
14-Aug,14/8,14-Aug,128.70,107,132,156,,100,117,+,112,144,,119,163,,84,90,,130,136,+,94,104,+,75,122,+,80,130,+,151,151,+,121,130,,43,75,,106,,,227,114,120,56,193,133,79,78,193,180,115,63,,,,,,,,,,,,,,,,,,,,,,,,,,,,,,,,,,
15-Aug,15/8,,128.60,105,126,156,,97,117,+,106,144,,118,163,,82,90,,129,136,+,93,103,+,79,122,+,79,130,+,151,151,+,120,130,,41,75,,105,,,238,111,120,52,210,135,72,80,195,179,113,51,,,,,,,,,,,,,,,,,,,,,,,,,,,,,,,,,,
16-Aug,16/8,,129.60,106,112,156,,97,117,+,104,144,,117,163,,90,90,+,133,146,+,91,103,+,79,122,+,78,130,+,151,151,+,119,130,,41,75,,117,,,233,111,118,46,221,132,75,78,195,172,112,50,,,,,,,,,,,,,,,,,,,,,,,,,,,,,,,,,,
17-Aug,17/8,,129.70,106,120,156,,93,117,+,105,144,,116,156,,88,90,,139,146,+,88,103,+,88,122,+,75,130,+,149,159,+,120,130,,41,75,,112,,,231,110,115,55,221,123,88,77,194,159,112,58,,,,,,,,,,,,,,,,,,,,,,,,,,,,,,,,,,
18-Aug,18/8,,131.90,111,146,156,,90,117,+,108,144,,116,156,,100,100,+,166,166,+,90,103,+,89,122,+,79,130,+,151,151,+,120,130,,45,75,,110,,,230,114,114,77,219,120,99,82,212,155,112,60,,,,,,,,,,,,,,,,,,,,,,,,,,,,,,,,,,
19-Aug,19/8,,134.10,114,160,160,,85,117,+,108,144,,113,156,,111,111,+,189,189,+,89,103,+,92,122,+,77,114,+,151,155,+,127,130,,47,89,,103,,,230,114,113,79,212,117,87,80,209,146,111,57,,,,,,,,,,,,,,,,,,,,,,,,,,,,,,,,,,
20-Aug,20/8,,132.40,113,162,162,,101,117,+,106,144,,112,156,,108,108,+,185,185,+,81,103,+,97,122,+,76,114,+,150,150,+,118,125,,46,89,,97,,,230,115,111,98,207,123,82,78,207,139,109,57,,,,,,,,,,,,,,,,,,,,,,,,,,,,,,,,,,
21-Aug,21/8,21-Aug,133.50,116,159,159,,113,122,+,105,144,,112,156,,117,117,+,185,185,+,79,103,+,114,122,+,72,114,+,147,147,+,116,125,,44,89,,95,,,229,114,111,106,196,120,80,77,195,123,107,58,,,,,,,,,,,,,,,,,,,,,,,,,,,,,,,,,,
22-Aug,22/8,,135.10,118,156,156,,122,122,+,97,143,,111,156,,124,124,+,179,179,+,79,103,+,118,122,+,74,114,+,163,163,+,115,125,,43,80,,101,,,225,117,111,141,198,118,66,74,195,121,107,58,,,,,,,,,,,,,,,,,,,,,,,,,,,,,,,,,,
23-Aug,23/8,,134.40,117,154,154,,121,122,+,90,143,,110,156,,128,128,+,177,177,+,77,103,+,118,122,+,73,114,+,160,154,+,115,125,,45,80,,101,,,217,113,110,145,218,118,67,71,200,114,114,58,,,,,,,,,,,,,,,,,,,,,,,,,,,,,,,,,,
24-Aug,24/8,,131.50,115,154,154,,119,122,+,87,143,,108,135,,143,143,+,167,167,+,75,90,+,118,122,+,68,114,+,155,155,+,114,124,,45,80,,101,,,214,115,108,141,216,114,67,88,202,112,116,57,,,,,,,,,,,,,,,,,,,,,,,,,,,,,,,,,,
25-Aug,25/8,,133.20,116,153,153,,119,122,+,91,143,,107,135,,135,135,+,167,167,+,75,90,+,126,156,+,79,114,+,148,150,+,113,120,,43,75,,101,,,208,147,107,140,215,105,66,90,202,111,114,55,,,,,,,,,,,,,,,,,,,,,,,,,,,,,,,,,,
26-Aug,26/8,,135.60,123,151,155,,121,122,+,97,143,,106,135,,128,128,+,188,188,+,72,90,+,170,170,+,94,114,+,146,146,+,110,120,,53,95,,100,,,204,153,108,134,225,101,65,95,197,103,111,53,,,,,,,,,,,,,,,,,,,,,,,,,,,,,,,,,,
27-Aug,27/8,,137.60,124,153,161,,120,122,+,91,143,,104,135,,125,133,,191,191,+,71,90,+,193,193,+,93,114,+,145,145,+,108,110,,53,95,,99,,,196,153,107,134,231,88,63,95,195,101,111,52,,,,,,,,,,,,,,,,,,,,,,,,,,,,,,,,,,
28-Aug,28/8,28-Aug,137.10,121,156,161,,119,122,+,93,142,,103,135,,122,133,,188,188,+,69,90,+,181,193,+,90,114,+,144,144,+,102,110,,48,95,,97,,,191,153,106,127,236,84,62,95,187,98,111,51,,,,,,,,,,,,,,,,,,,,,,,,,,,,,,,,,,
29-Aug,29/8,,135.50,118,155,161,,118,122,+,90,142,,101,135,,118,133,,186,186,+,69,89,+,175,193,+,86,114,+,141,141,+,95,100,,46,93,,97,,,188,149,105,119,232,74,60,95,182,98,106,51,,,,,,,,,,,,,,,,,,,,,,,,,,,,,,,,,,
30-Aug,30/8,,135.30,116,154,161,,115,122,+,91,142,,98,135,,113,133,,186,186,+,67,89,+,172,193,+,83,114,+,139,139,+,94,100,,42,85,,90,,,185,145,107,113,237,74,58,87,179,98,97,50,,,,,,,,,,,,,,,,,,,,,,,,,,,,,,,,,,
31-Aug,31/8,,132.57,112,154,161,,102,134,+,89,142,,97,97,,104,133,,190,190,+,67,89,+,166,193,+,89,114,+,128,139,+,86,95,,40,80,,74,,,180,165,107,112,240,63,56,87,178,88,96,47,,,,,,,,,,,,,,,,,,,,,,,,,,,,,,,,,,
1-Sep,1/9,,132.77,112,153,161,,97,134,+,89,142,,95,95,,95,133,,203,203,+,67,89,+,160,193,+,97,114,+,138,130,+,83,95,,38,80,,102,,,180,176,107,107,237,53,53,78,177,96,95,37,,,,,,,,,,,,,,,,,,,,,,,,,,,,,,,,,,
2-Sep,2/9,,134.57,110,151,161,,96,134,+,88,142,,99,99,,93,133,,201,201,+,63,89,+,151,193,+,93,126,+,134,134,+,82,95,,25,75,,100,,,179,173,107,109,234,44,51,73,175,96,94,30,,,,,,,,,,,,,,,,,,,,,,,,,,,,,,,,,,
3-Sep,3/9,,129.03,109,148,161,,111,134,+,89,142,,96,96,,89,105,,196,196,+,60,89,+,146,178,+,90,126,+,134,134,+,81,90,,18,65,,94,,,175,170,102,109,233,41,49,69,175,94,92,39,,,,,,,,,,,,,,,,,,,,,,,,,,,,,,,,,,
4-Sep,4/9,4-Sep,128.20,106,153,161,,104,134,+,88,142,,95,95,,86,105,,192,192,+,58,89,+,136,178,+,86,126,+,131,131,+,79,90,,9,55,,96,,,176,165,95,101,230,32,37,66,176,94,83,37,,,,,,,,,,,,,,,,,,,,,,,,,,,,,,,,,,
5-Sep,5/9,,127.33,102,172,172,,101,134,+,87,142,,93,93,,80,105,,192,192,+,54,82,+,112,178,+,92,126,+,128,131,+,79,90,,8,55,,96,,,176,160,97,106,227,40,30,67,176,107,78,33,,,,,,,,,,,,,,,,,,,,,,,,,,,,,,,,,,
6-Sep,6/9,,125.30,100,185,185,,98,134,+,86,142,,93,93,,66,90,,183,192,+,46,82,+,123,178,+,95,126,+,126,126,+,79,90,,8,55,,94,,,174,159,94,100,225,40,30,66,184,105,75,32,,,,,,,,,,,,,,,,,,,,,,,,,,,,,,,,,,
7-Sep,7/9,,123.27,97,190,190,,94,134,+,92,142,,92,92,,56,90,,176,176,+,46,82,+,129,178,+,90,126,+,123,123,+,76,90,,19,55,,86,,,173,160,92,96,225,48,30,62,186,104,75,31,,,,,,,,,,,,,,,,,,,,,,,,,,,,,,,,,,
8-Sep,8/9,,123.43,97,197,197,,88,134,+,100,142,,88,88,,52,90,,186,186,+,46,82,+,126,178,+,89,126,+,119,123,+,74,85,,18,55,,78,,,168,158,93,105,222,43,29,67,184,100,74,21,,,,,,,,,,,,,,,,,,,,,,,,,,,,,,,,,,
9-Sep,9/9,,121.70,96,198,198,,73,134,+,96,142,,81,81,,49,70,,206,206,+,46,82,+,123,178,+,93,120,+,119,119,+,73,85,,18,55,,67,,,169,154,92,120,221,42,29,73,185,114,71,14,,,,,,,,,,,,,,,,,,,,,,,,,,,,,,,,,,
10-Sep,10/9,,119.30,93,194,194,,70,134,+,93,136,,75,75,,46,70,,200,200,+,46,82,+,119,178,+,90,120,+,118,118,+,71,80,,21,55,,67,,,170,152,92,112,229,45,28,72,196,113,68,17,,,,,,,,,,,,,,,,,,,,,,,,,,,,,,,,,,
11-Sep,11/9,11-Sep,117.27,91,189,189,,69,134,+,91,136,,72,72,,41,60,,193,193,+,46,82,+,124,178,+,88,120,+,118,118,+,71,80,,20,55,,66,,,170,147,92,109,225,40,25,68,197,109,64,15,,,,,,,,,,,,,,,,,,,,,,,,,,,,,,,,,,
12-Sep,12/9,,109.40,82,187,187,,67,134,+,88,136,,,,,39,60,,189,189,+,48,82,+,122,178,+,83,120,+,115,115,+,71,80,,16,55,,66,,,197,164,93,103,238,37,0,66,199,105,63,14,,,,,,,,,,,,,,,,,,,,,,,,,,,,,,,,,,
13-Sep,13/9,,107.40,79,178,178,,67,134,+,86,136,,,,,40,60,,178,178,+,46,82,+,121,178,+,76,120,+,111,111,+,69,75,,13,50,,70,,,195,140,89,100,234,37,0,63,222,102,58,16,,,,,,,,,,,,,,,,,,,,,,,,,,,,,,,,,,
14-Sep,14/9,,104.10,76,175,175,,61,134,+,80,136,,,,,40,60,,178,178,+,46,82,+,118,157,,71,120,+,99,99,+,66,75,,11,50,,65,,,189,163,85,96,225,36,0,60,247,99,58,19,,,,,,,,,,,,,,,,,,,,,,,,,,,,,,,,,,
15-Sep,15/9,,103.40,76,178,178,,83,134,+,69,136,,,,,39,60,,177,177,+,43,82,+,115,157,,70,120,+,93,93,+,68,75,,9,50,,64,,,193,190,80,93,221,29,13,57,240,93,58,20,,,,,,,,,,,,,,,,,,,,,,,,,,,,,,,,,,
16-Sep,16/9,,101.00,76,180,180,,71,134,+,68,93,,,,,38,60,,175,175,+,41,82,+,118,157,,65,120,+,114,114,+,68,75,,6,45,,75,,,190,198,70,88,217,22,24,55,225,89,57,20,,,,,,,,,,,,,,,,,,,,,,,,,,,,,,,,,,
17-Sep,17/9,,100.20,74,180,180,,70,134,+,66,93,,,,,34,60,,171,171,+,39,82,+,119,157,,62,120,+,112,112,+,70,73,,5,45,,,,,188,193,70,81,209,26,24,52,215,89,57,17,,,,,,,,,,,,,,,,,,,,,,,,,,,,,,,,,,
18-Sep,18/9,18-Sep,96.50,72,177,177,,66,134,+,66,93,,,,,30,60,,168,168,+,33,82,+,117,157,,53,84,+,112,112,+,71,75,,5,45,,86,,,184,181,63,75,198,30,20,49,212,85,55,16,,,,,,,,,,,,,,,,,,,,,,,,,,,,,,,,,,
19-Sep,19/9,,90.30,68,176,176,,64,134,+,63,93,,,,,27,41,,165,165,+,26,61,,114,157,,48,80,+,102,102,+,67,70,,3,35,,80,,,180,176,68,70,190,28,0,46,200,74,55,15,,,,,,,,,,,,,,,,,,,,,,,,,,,,,,,,,,
20-Sep,20/9,,88.40,64,175,175,,64,134,+,60,93,,,,,32,41,,165,165,+,16,61,+,111,157,,40,72,+,91,91,+,64,70,,0,30,,,,,177,174,68,54,182,18,0,42,200,63,65,17,,,,,,,,,,,,,,,,,,,,,,,,,,,,,,,,,,
21-Sep,21/9,,86.60,62,173,173,,64,134,+,56,93,,,,,32,41,,158,158,+,20,61,+,107,151,,34,72,+,88,88,+,60,68,,0,30,,,,,173,170,64,44,184,18,0,40,209,58,68,27,,,,,,,,,,,,,,,,,,,,,,,,,,,,,,,,,,
22-Sep,22/9,,84.40,57,169,169,,60,134,+,52,93,,,,,29,41,,145,144,+,18,61,+,103,151,,26,72,+,85,85,+,55,63,,0,28,,,,,170,163,60,39,176,14,0,37,200,57,60,28,,,,,,,,,,,,,,,,,,,,,,,,,,,,,,,,,,
23-Sep,23/9,,77.30,52,163,163,,59,134,+,55,93,,,,,,,,145,144,+,15,61,+,98,151,,16,50,+,77,77,+,53,63,,0,23,,,,,159,152,54,34,171,8,0,35,197,54,59,18,,,,,,,,,,,,,,,,,,,,,,,,,,,,,,,,,,
24-Sep,24/9,,73.00,49,154,154,,54,134,+,54,93,,,,,,,,138,138,+,10,36,+,94,151,,16,50,+,73,73,+,49,55,,0,20,,55,,,151,140,47,20,164,8,5,37,191,47,60,16,,,,,,,,,,,,,,,,,,,,,,,,,,,,,,,,,,
25-Sep,25/9,25-Sep,70.50,46,149,149,,47,134,+,56,93,,,,,,,,134,134,+,7,36,+,91,140,,16,50,+,67,67,+,43,51,,0,0,,54,,,149,142,43,15,156,6,,34,193,52,60,0,,,,,,,,,,,,,,,,,,,,,,,,,,,,,,,,,,
26-Sep,26/9,,69.10,45,151,151,,47,134,+,51,93,,,,,,,,131,131,+,0,36,+,86,140,,32,50,+,62,62,+,39,45,,0,0,,51,,,135,139,40,13,153,5,,29,188,53,59,0,,,,,,,,,,,,,,,,,,,,,,,,,,,,,,,,,,
27-Sep,27/9,,53.80,39,150,150,,0,0,+,48,93,,,,,,,,124,124,+,0,36,+,86,140,,49,50,+,50,50,+,35,45,,0,0,,48,,,129,151,33,10,151,4,,28,195,49,60,0,,,,,,,,,,,,,,,,,,,,,,,,,,,,,,,,,,
28-Sep,28/9,,44.00,32,146,146,,0,0,+,48,93,,,,,,,,120,120,+,0,0,,76,140,,,,,47,47,+,31,40,,0,0,,42,,,127,153,29,10,142,0,,28,190,49,67,0,,,,,,,,,,,,,,,,,,,,,,,,,,,,,,,,,,
29-Sep,29/9,,37.90,26,140,140,,0,0,+,40,93,,,,,,,,106,106,+,0,0,,77,140,,,,,0,0,,37,40,,0,0,,33,,,119,,37,10,135,,,21,183,38,64,0,,,,,,,,,,,,,,,,,,,,,,,,,,,,,,,,,,
30-Sep,30/9,,37.40,27,139,139,,,,,40,93,,,,,,,,101,101,+,12,0,,75,140,,,,,0,0,,40,40,,0,0,,29,,,111,,30,10,,,,19,178,37,76,0,,,,,,,,,,,,,,,,,,,,,,,,,,,,,,,,,,
1-Oct,1/10,,19.80,13,139,139,,,,,40,93,,,,,,,,0,0,+,17,0,,73,105,,,,,0,0,,0,0,,0,0,,27,,,105,,27,,,,,15,210,30,76,0,,,,,,,,,,,,,,,,,,,,,,,,,,,,,,,,,,
2-Oct,2/10,2-Oct,19.80,13,136,136,,,,,40,93,,,,,,,,0,0,+,17,0,,68,105,,,,,0,0,,,,,0,0,,26,,,100,,22,,,,,5,228,25,62,0,,,,,,,,,,,,,,,,,,,,,,,,,,,,,,,,,,
3-Oct,3/10,,19.60,11,131,131,,,,,40,93,,,,,,,,0,0,+,,,,66,103,,,,,0,0,,,,,0,0,,,,,100,,18,,,,,5,216,20,60,0,,,,,,,,,,,,,,,,,,,,,,,,,,,,,,,,,,
4-Oct,4/10,,9.30,4,127,127,,,,,40,93,,,,,,,,0,0,+,,,,,,,,,,0,0,,,,,0,0,,,,,95,,14,,,,,5,210,18,58,0,,,,,,,,,,,,,,,,,,,,,,,,,,,,,,,,,,
5-Oct,5/10,,9.30,4,121,121,,,,,40,93,,,,,,,,0,0,+,,,,,,,,,,0,,,,,,0,0,,,,,,,12,,,,,5,207,18,58,0,,,,,,,,,,,,,,,,,,,,,,,,,,,,,,,,,,
6-Oct,6/10,,0.00,0,115,115,,,,,,,,,,,,,,0,0,+,,,,,,,,,,,0,,,,,0,0,,,,,,,10,,,,,0,198,16,58,0,,,,,,,,,,,,,,,,,,,,,,,,,,,,,,,,,,
7-Oct,7/10,,0.00,0,111,111,,,,,,,,,,,,,,0,0,+,,,,,,,,,,,,,,,,0,0,,,,,,,,,,,,0,198,14,57,0,,,,,,,,,,,,,,,,,,,,,,,,,,,,,,,,,,
8-Oct,8/10,,0.00,0,107,107,,,,,,,,,,,,,,,,,,,,,,,,,,,,,,,,,,,,,,,,,,,,,,,,,,,,,,,,,,,,,,,,,,,,,,,,,,,,,,,,,,,
9-Oct,9/10,9-Oct,0.00,0,,,,,,,,,,,,,,,,,,,,,,,,,,,,,,,,,,,,,,,,,,,,,,,,,,,,,,,,,,,,,,,,,,,,,,,,,,,,,,,,,,,,,
,,,,,,,,,,,,,,,,,,,,,,,,,,,,,,,,,,,,,,,,,,,,,,,,,,,,,,,,,,,,,,,,,,,,,,,,,,,,,,,,,,,,,,,,,
Av Snow Depth Natural,,,,,101.0223171,,,69,,,56,,,107,,,57,,,111,,,60,,,67,,,61,,,79,,,87,,,21,,,72,,,138,99,79,49,154,48,45,38,121,89,66,41,,,,,,,,,,,,,,,,,,,,,,,,,,,,,,,,,,
Av Snow Depth S'making,,,,,,110.780196,,,88,,,85,,,120,,,66,,,116,,,77,,,106,,,82,,,81,,,95,,,50,,,,,,,,,,,,,,,,,,,,,,,,,,,,,,,,,,,,,,,,,,,,,,,,,,
,,,,,,,,,,,,,,,,,,,,,,,,,,,,,,,,,,,,,,,,,,,,,,,,,,,,,,,,,,,,,,,,,,,,,,,,,,,,,,,,,,,,,,,,,
,,,,,,,,,,,,,,,,,,,,,,,,,,,,,,,,,,,,,,,,,,,,,,,,,,,,,,,,,,,,,,,,,,,,,,,,,,,,,,,,,,,,,,,,,
,,,,,,,,,,,,,,,,,,,,,,,,,,,,,,,,,,,,,,,,,,,,,,,,,,,,,,,,,,,,,,,,,,,,,,,,,,,,,,,,,,,,,,,,,
,,,,,,,,,,,,,,,,,,,,,,,,,,,,,,,,,,,,,,,,,,,,,,,,,,,,,,,,,,,,,,,,,,,,,,,,,,,,,,,,,,,,,,,,,
,,,,,,,,,,,,,,,,,,,,,,,,,,,,,,,,,,,,,,,,,,,,,,,,,,,,,,,,,,,,,,,,,,,,,,,,,,,,,,,,,,,,,,,,,
,,,,,,,,,,,,,,,,,,,,,,,,,,,,,,,,,,,,,,,,,,,,,,,,,,,,,,,,,,,,,,,,,,,,,,,,,,,,,,,,,,,,,,,,,
,,,,,,,,,,,,,,,,,,,,,,,,,,,,,,,,,,,,,,,,,,,,,,,,,,,,,,,,,,,,,,,,,,,,,,,,,,,,,,,,,,,,,,,,,
,,,,,,,,,,,,,,,,,,,,,,,,,,,,,,,,,,,,,,,,,,,,,,,,,,,,,,,,,,,,,,,,,,,,,,,,,,,,,,,,,,,,,,,,,
,,,,,,,,,,,,,,,,,,,,,,,,,,,,,,,,,,,,,,,,,,,,,,,,,,,,,,,,,,,,,,,,,,,,,,,,,,,,,,,,,,,,,,,,,
,,,,,,,,,,,,,,,,,,,,,,,,,,,,,,,,,,,,,,,,,,,,,,,,,,,,,,,,,,,,,,,,,,,,,,,,,,,,,,,,,,,,,,,,,
,,,,,,,,,,,,,,,,,,,,,,,,,,,,,,,,,,,,,,,,,,,,,,,,,,,,,,,,,,,,,,,,,,,,,,,,,,,,,,,,,,,,,,,,,
,,,,,,,,,,,,,,,,,,,,,,,,,,,,,,,,,,,,,,,,,,,,,,,,,,,,,,,,,,,,,,,,,,,,,,,,,,,,,,,,,,,,,,,,,
,,,,,,,,,,,,,,,,,,,,,,,,,,,,,,,,,,,,,,,,,,,,,,,,,,,,,,,,,,,,,,,,,,,,,,,,,,,,,,,,,,,,,,,,,
,,,,,,,,,,,,,,,,,,,,,,,,,,,,,,,,,,,,,,,,,,,,,,,,,,,,,,,,,,,,,,,,,,,,,,,,,,,,,,,,,,,,,,,,,
,,,,,,,,,,,,,,,,,,,,,,,,,,,,,,,,,,,,,,,,,,,,,,,,,,,,,,,,,,,,,,,,,,,,,,,,,,,,,,,,,,,,,,,,,
,,,,,,,,,,,,,,,,,,,,,,,,,,,,,,,,,,,,,,,,,,,,,,,,,,,,,,,,,,,,,,,,,,,,,,,,,,,,,,,,,,,,,,,,,
,,,,,,,,,,,,,,,,,,,,,,,,,,,,,,,,,,,,,,,,,,,,,,,,,,,,,,,,,,,,,,,,,,,,,,,,,,,,,,,,,,,,,,,,,
,,,,,,,,,,,,,,,,,,,,,,,,,,,,,,,,,,,,,,,,,,,,,,,,,,,,,,,,,,,,,,,,,,,,,,,,,,,,,,,,,,,,,,,,,
,,,,,,,,,,,,,,,,,,,,,,,,,,,,,,,,,,,,,,,,,,,,,,,,,,,,,,,,,,,,,,,,,,,,,,,,,,,,,,,,,,,,,,,,,
,,,,,,,,,,,,,,,,,,,,,,,,,,,,,,,,,,,,,,,,,,,,,,,,,,,,,,,,,,,,,,,,,,,,,,,,,,,,,,,,,,,,,,,,,
,,,,,,,,,,,,,,,,,,,,,,,,,,,,,,,,,,,,,,,,,,,,,,,,,,,,,,,,,,,,,,,,,,,,,,,,,,,,,,,,,,,,,,,,,
,,,,,,,,,,,,,,,,,,,,,,,,,,,,,,,,,,,,,,,,,,,,,,,,,,,,,,,,,,,,,,,,,,,,,,,,,,,,,,,,,,,,,,,,,
,,,,,,,,,,,,,,,,,,,,,,,,,,,,,,,,,,,,,,,,,,,,,,,,,,,,,,,,,,,,,,,,,,,,,,,,,,,,,,,,,,,,,,,,,
,,,,,,,,,,,,,,,,,,,,,,,,,,,,,,,,,,,,,,,,,,,,,,,,,,,,,,,,,,,,,,,,,,,,,,,,,,,,,,,,,,,,,,,,,
,,,,,,,,,,,,,,,,,,,,,,,,,,,,,,,,,,,,,,,,,,,,,,,,,,,,,,,,,,,,,,,,,,,,,,,,,,,,,,,,,,,,,,,,,
,,,,,,,,,,,,,,,,,,,,,,,,,,,,,,,,,,,,,,,,,,,,,,,,,,,,,,,,,,,,,,,,,,,,,,,,,,,,,,,,,,,,,,,,,
,,,,,,,,,,,,,,,,,,,,,,,,,,,,,,,,,,,,,,,,,,,,,,,,,,,,,,,,,,,,,,,,,,,,,,,,,,,,,,,,,,,,,,,,,
,,,,,,,,,,,,,,,,,,,,,,,,,,,,,,,,,,,,,,,,,,,,,,,,,,,,,,,,,,,,,,,,,,,,,,,,,,,,,,,,,,,,,,,,,
,,,,,,,,,,,,,,,,,,,,,,,,,,,,,,,,,,,,,,,,,,,,,,,,,,,,,,,,,,,,,,,,,,,,,,,,,,,,,,,,,,,,,,,,,
,,,,,,,,,,,,,,,,,,,,,,,,,,,,,,,,,,,,,,,,,,,,,,,,,,,,,,,,,,,,,,,,,,,,,,,,,,,,,,,,,,,,,,,,,
