MOUNT BAW BAW,,,,,"SNOW DEPTHS - NATURAL FROM 1993, SNOW-MAKING FROM 2006",,,,,,,,,,,,,,,,,,,,,,,,,,,,,,,,,,,,,,,,,,,,,,,,,,,,,,,,,,,,,,,,,,,,,,,,,,,,,,,,,,,,
,,,,,Daily data,,,,,,,,,,,,,,,,,,,,,,,,,,,,,,,,,,,,,,,,,,,,,,,,,,,,,,,,,,,,,,,,,,,,,,,,,,,,,,,,,,,,
,Day,,10 Year Average Snow Making Depth,10 Year Average Natural Snow Depth,2017 Natural Snow Depth,2017 Average depth in snow-making area (10 ha),+ means that snowmaking depth is = or > than natural snow depth,2016 Natural Snow Depth,2016 Average depth in snow-making area (10 ha),+ means that snowmaking depth is = or > than natural snow depth,2015 Natural Snow Depth,2015 Average depth in snow-making area (10 ha),+ means that snowmaking depth is = or > than natural snow depth,2014  Natural Snow Depth,2014 Average depth in snow-making area (10 ha),,2013 Natural Snow Depth,2013 Average depth in snow-making area (10 ha),,2012 Natural Snow Depth,2012 Average depth in snow-making area (10 ha),,2011 Natural Snow Depth,2011 Average depth in snow-making area (10 ha),,2010 Natural Snow Depth,2010 Average depth in snow-making area (10 ha),,2009 Natural Snow Depth,2009 Average depth in snow-making area (10 ha),,2008 Natural Snow Depth,2008 Average depth in snow-making area (10 ha),,2007 Natural Snow Depth,2007 Average depth in snow-making area (10 ha),BLANK,2006 Natural Snow Depth,2006 Average depth in snow-making area (10 ha),+ means that snowmaking depth is = or > than natural snow depth,2005,BLANK,BLANK,2004,2003,2002,2001,2000,1999,1998,1997,1996,1995,1994,1993,,,,,,,,,,,,,,,,,,,,,,,,,,,,,,,,,,
5-Jun,5/6,5-Jun,4.50,1,0,0,,,,,14,45,,,,,,,,,,,,,,,,,0,0,,,,,,,,,,,,,,0,,,0,63,0,0,0,0,0,0,0,,,,,,,,,,,,,,,,,,,,,,,,,,,,,,,,,,
6-Jun,6/6,,4.60,1,,,,,,,12,46,,,,,,,,,,,,,,,,,0,0,,,,,,,,,,,,,,0,0,,0,92,0,0,0,0,0,0,0,,,,,,,,,,,,,,,,,,,,,,,,,,,,,,,,,,
7-Jun,7/6,,4.40,1,,,,,,,8,44,,,,,,,,,,,,,,,,,0,0,,0,0,,,,,,,,,,,0,5,0,0,92,0,0,0,0,0,0,0,,,,,,,,,,,,,,,,,,,,,,,,,,,,,,,,,,
8-Jun,8/6,,4.30,1,0,0,,,,,7,43,,,,,,,,,,,,,,,,,0,0,,0,0,,0,0,,0,0,,,,,0,3,,0,62,0,7,0,0,0,0,0,,,,,,,,,,,,,,,,,,,,,,,,,,,,,,,,,,
9-Jun,9/6,,6.30,3,0,0,,,,,5,41,,,,,,,,22,22,+,,,,,,,6,0,,0,0,,0,0,,0,0,,,,,0,3,0,0,62,0,7,0,0,0,0,0,,,,,,,,,,,,,,,,,,,,,,,,,,,,,,,,,,
10-Jun,10/6,,9.00,5,6,6,,0,0,+,7,43,,,,,,,,12,12,+,,,,,,,30,35,,0,0,,0,0,,0,0,,0,,,0,0,0,0,60,0,7,7,0,0,0,0,,,,,,,,,,,,,,,,,,,,,,,,,,,,,,,,,,
11-Jun,11/6,,12.50,9,8,8,,0,0,+,5,43,,,,,,,,12,12,+,35,35,+,,,,35,35,,0,0,,0,0,,0,0,,0,,,0,0,0,0,60,0,5,0,0,0,0,0,,,,,,,,,,,,,,,,,,,,,,,,,,,,,,,,,,
12-Jun,12/6,12-Jun,15.00,11,6,6,,7,7,+,5,43,,,,,,,,12,12,+,35,35,+,8,8,,35,35,,0,0,,10,10,,1,0,,0,,,0,0,0,0,60,0,5,0,0,0,0,8,,,,,,,,,,,,,,,,,,,,,,,,,,,,,,,,,,
13-Jun,13/6,,15.00,10,3,3,,5,5,+,5,43,,,,,,,,12,14,+,20,25,+,8,8,,35,45,,3,0,,10,10,,1,0,,0,,,0,4,0,0,52,0,5,0,0,0,0,40,,,,,,,,,,,,,,,,,,,,,,,,,,,,,,,,,,
14-Jun,14/6,,16.20,11,2,2,,5,6,+,3,41,,,,,,,,12,14,+,20,25,+,7,7,,35,45,,10,0,,19,24,,2,0,,0,,,0,7,6,2,50,1,5,10,0,0,0,43,,,,,,,,,,,,,,,,,,,,,,,,,,,,,,,,,,
15-Jun,15/6,,16.00,11,2,2,,4,6,+,2,40,,,,,,,,12,14,+,20,25,+,6,6,,35,45,,10,0,,19,24,,1,0,,1,,,5,10,4,35,50,18,5,14,0,0,0,35,,,,,,,,,,,,,,,,,,,,,,,,,,,,,,,,,,
16-Jun,16/6,,14.70,10,1,1,,4,6,+,1,38,,,,,,,,12,14,+,18,18,+,6,6,,35,45,,5,0,,15,20,,1,0,,1,,,13,5,4,20,46,18,9,13,0,0,0,30,,,,,,,,,,,,,,,,,,,,,,,,,,,,,,,,,,
17-Jun,17/6,,9.80,8,0,0,,0,0,+,1,13,,,,,,,,8,10,+,18,20,+,2,0,,30,35,,10,0,,15,20,,1,0,,3,,,17,5,0,18,40,8,11,10,0,6,0,26,,,,,,,,,,,,,,,,,,,,,,,,,,,,,,,,,,
18-Jun,18/6,,10.10,9,0,0,,0,0,+,1,11,,,,,,,,8,10,+,22,22,+,6,6,,28,30,,9,0,,18,22,,1,0,,3,,,17,5,0,15,39,6,9,10,0,9,0,24,,,,,,,,,,,,,,,,,,,,,,,,,,,,,,,,,,
19-Jun,19/6,19-Jun,10.10,9,0,0,,0,0,+,2,11,,,,,,,,5,7,+,18,18,+,5,5,,25,28,,7,0,,28,32,,1,0,,3,,,22,3,1,15,38,6,9,10,0,4,0,15,,,,,,,,,,,,,,,,,,,,,,,,,,,,,,,,,,
20-Jun,20/6,,11.90,9,0,0,,0,0,+,3,26,,,,,,,,5,6,+,15,15,+,4,4,,25,28,,4,0,,38,40,,1,0,,3,,,55,3,1,14,37,5,9,8,0,4,0,12,,,,,,,,,,,,,,,,,,,,,,,,,,,,,,,,,,
21-Jun,21/6,,12.40,9,1,1,,0,0,+,3,32,,,,,,,,8,10,+,10,15,+,4,4,,21,23,,1,0,,38,40,,1,0,,0,,,59,2,0,7,31,5,11,8,0,7,0,12,,,,,,,,,,,,,,,,,,,,,,,,,,,,,,,,,,
22-Jun,22/6,,16.50,10,1,1,,0,0,+,2,36,,,,,,,,8,30,+,25,25,+,4,4,,18,20,,0,0,,44,50,,1,0,,0,,,45,0,0,7,31,0,10,7,0,7,0,10,,,,,,,,,,,,,,,,,,,,,,,,,,,,,,,,,,
23-Jun,23/6,,15.80,11,0,0,,0,0,+,2,36,,,,,,,,23,30,+,20,20,+,4,4,,16,18,,0,0,,44,50,,1,0,,0,,,38,10,0,6,36,0,34,7,0,7,0,14,,,,,,,,,,,,,,,,,,,,,,,,,,,,,,,,,,
24-Jun,24/6,,18.70,12,1,1,,11,21,+,1,30,,9,9,,,,,25,40,+,15,15,+,4,4,,12,14,,0,0,,44,54,,1,0,,0,,,34,4,0,6,32,0,42,5,0,7,0,16,,,,,,,,,,,,,,,,,,,,,,,,,,,,,,,,,,
25-Jun,25/6,,19.70,15,2,5,,35,35,+,0,22,,21,21,,,,,25,40,+,12,12,+,3,3,,10,14,,0,0,,42,50,,1,0,,0,,,32,4,0,5,30,0,60,8,0,7,0,14,,,,,,,,,,,,,,,,,,,,,,,,,,,,,,,,,,
26-Jun,26/6,26-Jun,20.20,15,1,7,,36,36,+,0,20,,15,15,,,,,22,40,+,10,10,+,17,17,,10,14,,0,0,,42,50,,4,0,,0,,,49,4,4,5,30,0,68,22,0,7,0,12,,,,,,,,,,,,,,,,,,,,,,,,,,,,,,,,,,
27-Jun,27/6,,21.50,15,1,7,,36,38,+,0,19,,10,10,,1,7,,21,45,+,8,10,+,22,22,,10,14,,0,0,,42,50,,4,0,,0,,,53,3,4,5,26,0,68,15,0,4,0,14,,,,,,,,,,,,,,,,,,,,,,,,,,,,,,,,,,
28-Jun,28/6,,19.70,14,1,7,,36,38,+,0,17,,10,10,,1,7,,20,44,+,5,5,+,20,21,,8,10,,0,0,,40,45,,4,15,,0,,,50,0,20,0,26,0,68,0,0,4,5,14,,,,,,,,,,,,,,,,,,,,,,,,,,,,,,,,,,
29-Jun,29/6,,21.50,16,1,7,,34,36,+,0,17,,32,32,,1,7,,18,42,+,5,5,+,20,21,,8,10,,0,0,,40,45,,4,15,,0,,,50,0,29,0,26,0,68,0,0,7,5,13,,,,,,,,,,,,,,,,,,,,,,,,,,,,,,,,,,
30-Jun,30/6,,21.40,16,5,9,,32,34,+,0,17,,42,42,,1,7,,13,37,+,3,3,+,20,21,,8,8,,0,0,,41,45,,4,15,,0,,,45,0,29,0,28,0,68,0,0,11,4,11,,,,,,,,,,,,,,,,,,,,,,,,,,,,,,,,,,
1-Jul,1/7,,22.00,18,9,20,,45,45,+,0,15,,42,42,,0,4,,13,37,+,5,5,+,20,21,,0,0,,5,0,,48,51,,3,15,,0,,,40,0,29,0,23,3,76,0,0,17,4,9,,,,,,,,,,,,,,,,,,,,,,,,,,,,,,,,,,
2-Jul,2/7,,23.50,18,10,27,,32,35,+,0,15,,40,40,,0,2,,8,45,+,5,5,+,20,21,,0,2,,7,0,,65,70,,3,15,,0,,,40,1,29,0,23,5,70,0,0,37,4,7,,,,,,,,,,,,,,,,,,,,,,,,,,,,,,,,,,
3-Jul,3/7,3-Jul,24.60,20,10,28,,22,25,+,15,25,,35,40,,0,2,,17,42,+,5,5,+,22,23,,14,14,,8,0,,65,70,,3,10,,0,,,40,1,29,0,23,2,58,0,0,35,3,3,,,,,,,,,,,,,,,,,,,,,,,,,,,,,,,,,,
4-Jul,4/7,,24.30,19,9,27,,20,23,+,12,25,,32,40,,0,2,,16,41,+,3,5,+,22,23,,14,14,,8,0,,65,70,,3,10,,0,,,35,0,29,0,23,2,58,2,0,39,2,7,,,,,,,,,,,,,,,,,,,,,,,,,,,,,,,,,,
5-Jul,5/7,,24.30,19,7,25,,18,23,+,12,25,,30,38,,1,2,,17,42,+,4,5,+,22,23,,20,20,+,5,0,,60,65,,3,7,,0,,,32,0,33,0,20,2,58,3,0,38,0,2,,,,,,,,,,,,,,,,,,,,,,,,,,,,,,,,,,
6-Jul,6/7,,23.60,18,6,24,,18,22,+,8,23,,27,35,,1,2,,17,42,+,8,8,+,17,18,,21,21,+,5,0,,61,65,,3,5,,0,,,36,0,32,0,17,2,55,0,0,38,0,2,,,,,,,,,,,,,,,,,,,,,,,,,,,,,,,,,,
7-Jul,7/7,,24.50,19,6,24,,15,18,+,7,23,,22,30,,2,4,,17,42,+,22,22,+,15,16,,20,22,+,5,0,,65,68,,3,5,,0,,,40,0,32,2,15,2,46,0,0,35,0,2,,,,,,,,,,,,,,,,,,,,,,,,,,,,,,,,,,
8-Jul,8/7,,24.30,19,6,24,,13,15,+,5,23,,20,25,,5,7,,17,42,+,25,28,+,8,8,,20,25,+,5,0,,70,70,,3,5,,1,,,55,0,28,0,15,2,43,0,5,30,0,1,,,,,,,,,,,,,,,,,,,,,,,,,,,,,,,,,,
9-Jul,9/7,,23.20,17,6,24,,5,10,+,3,21,,20,25,,5,7,,17,42,+,25,28,+,8,8,,18,25,+,3,0,,66,66,,3,5,,10,,,55,0,28,0,15,2,58,9,5,34,0,0,,,,,,,,,,,,,,,,,,,,,,,,,,,,,,,,,,
10-Jul,10/7,10-Jul,24.00,18,6,24,,3,7,+,4,21,,30,35,,5,9,,16,41,+,25,28,+,8,8,,18,24,+,3,0,,67,67,,0,0,,45,,,55,0,35,0,15,0,75,25,5,30,0,2,,,,,,,,,,,,,,,,,,,,,,,,,,,,,,,,,,
11-Jul,11/7,,25.40,19,5,24,,2,5,+,2,20,,30,35,,5,11,,12,37,+,29,30,+,8,8,,18,24,+,15,17,,67,67,,0,0,,40,,,55,0,35,0,19,0,76,20,5,33,0,1,,,,,,,,,,,,,,,,,,,,,,,,,,,,,,,,,,
12-Jul,12/7,,25.20,19,4,31,,2,5,+,4,21,,27,32,,4,14,,10,35,+,31,33,+,7,7,,15,20,+,24,23,,62,62,,9,11,,40,,,48,0,35,0,19,0,76,20,5,36,0,0,,,,,,,,,,,,,,,,,,,,,,,,,,,,,,,,,,
13-Jul,13/7,,29.20,21,4,33,,8,25,+,9,26,,37,42,,4,14,,9,35,+,31,33,+,6,6,,17,22,+,24,23,,66,66,,11,15,,40,,,40,2,35,0,29,0,76,26,5,39,1,0,,,,,,,,,,,,,,,,,,,,,,,,,,,,,,,,,,
14-Jul,14/7,,33.60,24,4,32,,13,50,+,14,28,,37,42,,4,14,,6,34,+,36,39,+,6,6,,21,26,+,24,23,,74,74,,11,15,,35,,,35,2,32,0,25,0,76,25,6,48,0,0,,,,,,,,,,,,,,,,,,,,,,,,,,,,,,,,,,
15-Jul,15/7,,35.20,25,4,32,,13,50,+,19,33,,37,42,,1,5,,6,34,+,36,42,+,21,21,,18,26,+,24,23,,76,76,,9,13,,35,,,32,2,32,0,25,0,76,10,15,58,0,0,,,,,,,,,,,,,,,,,,,,,,,,,,,,,,,,,,
16-Jul,16/7,,32.60,24,4,36,,8,36,+,18,32,,37,42,,0,3,,6,32,+,36,42,+,21,21,,18,20,+,21,22,,76,76,,8,11,,36,,,32,2,30,1,25,0,75,26,17,58,0,0,,,,,,,,,,,,,,,,,,,,,,,,,,,,,,,,,,
17-Jul,17/7,17-Jul,32.90,24,4,38,,7,32,+,25,39,,37,42,,0,1,,5,31,+,35,45,+,17,17,,16,28,+,19,18,,76,76,,8,8,,41,,,40,0,34,2,19,0,73,34,17,47,0,0,,,,,,,,,,,,,,,,,,,,,,,,,,,,,,,,,,
18-Jul,18/7,,38.40,28,4,38,,5,30,+,33,50,,53,71,,0,1,,5,31,+,32,42,+,17,17,,16,28,+,19,18,,96,96,,8,8,,46,,,55,0,30,1,17,0,72,35,18,47,3,0,,,,,,,,,,,,,,,,,,,,,,,,,,,,,,,,,,
19-Jul,19/7,,39.70,31,4,38,,2,26,+,33,53,,58,76,,0,1,,8,31,+,37,45,+,17,17,,15,17,+,25,18,,113,113,,0,8,,43,,,55,0,28,0,17,0,71,35,16,60,2,0,,,,,,,,,,,,,,,,,,,,,,,,,,,,,,,,,,
20-Jul,20/7,,40.80,31,5,38,,2,24,+,33,55,,58,76,,9,9,,8,31,+,34,42,+,18,22,,13,17,+,23,17,,115,115,,0,16,,38,,,55,0,25,0,25,4,70,34,9,65,0,0,,,,,,,,,,,,,,,,,,,,,,,,,,,,,,,,,,
21-Jul,21/7,,41.10,31,8,38,,1,22,+,33,55,,58,80,,9,9,,7,30,+,32,40,+,21,25,,11,15,+,23,20,,115,115,,0,16,,35,,,55,0,50,0,30,4,69,31,22,65,0,0,,,,,,,,,,,,,,,,,,,,,,,,,,,,,,,,,,
22-Jul,22/7,,41.20,31,10,38,,0,0,+,28,50,,58,95,,12,14,,7,30,+,32,40,+,21,25,,10,13,+,30,30,+,115,115,,0,18,,30,,,55,0,47,0,37,4,67,30,23,65,0,0,,,,,,,,,,,,,,,,,,,,,,,,,,,,,,,,,,
23-Jul,23/7,,42.60,32,10,38,,4,4,+,25,47,,58,95,,12,14,,6,28,+,31,40,+,20,25,,20,23,,30,35,0,115,115,,0,18,,28,,,55,0,45,0,34,2,69,25,21,65,6,0,,,,,,,,,,,,,,,,,,,,,,,,,,,,,,,,,,
24-Jul,24/7,24-Jul,43.10,32,9,38,,5,9,+,23,43,,53,90,,5,7,,5,27,+,32,40,+,20,27,,25,35,,32,38,+,115,115,,0,13,,25,,,55,12,40,0,25,4,68,20,22,67,6,0,,,,,,,,,,,,,,,,,,,,,,,,,,,,,,,,,,
25-Jul,25/7,,44.00,32,8,37,,5,9,+,30,52,,48,85,,5,12,,5,25,+,37,40,+,20,27,,25,35,,32,40,+,115,115,,0,13,,20,,,55,16,38,0,23,4,66,18,24,76,6,0,,,,,,,,,,,,,,,,,,,,,,,,,,,,,,,,,,
26-Jul,26/7,,44.20,32,6,35,,10,20,+,31,53,,40,77,,5,12,,5,25,+,35,40,+,18,25,,25,35,,32,40,+,115,115,,0,13,,15,,,50,30,38,0,45,4,64,18,24,76,11,0,,,,,,,,,,,,,,,,,,,,,,,,,,,,,,,,,,
27-Jul,27/7,,43.70,32,6,34,,10,20,+,40,62,,36,73,,4,10,,5,25,+,35,43,+,16,22,,25,35,,39,40,+,107,107,,0,5,,0,,,56,42,35,0,55,0,63,16,24,68,12,0,,,,,,,,,,,,,,,,,,,,,,,,,,,,,,,,,,
28-Jul,28/7,,43.70,32,11,39,,12,22,+,41,61,,34,70,,4,10,,5,25,+,36,45,+,15,22,,25,35,,41,45,+,102,102,,0,0,,0,,,57,42,32,0,55,0,60,15,20,69,15,0,,,,,,,,,,,,,,,,,,,,,,,,,,,,,,,,,,
29-Jul,29/7,,42.00,31,13,36,,12,22,+,41,61,,30,60,,2,6,,5,25,+,36,45,+,14,20,,22,30,,47,47,+,104,104,,0,0,,0,,,58,53,30,0,55,0,72,22,17,76,10,0,,,,,,,,,,,,,,,,,,,,,,,,,,,,,,,,,,
30-Jul,30/7,,40.40,30,10,31,,8,18,+,41,62,,25,55,,0,2,,12,33,+,36,45,+,14,20,,15,18,,47,47,+,104,104,,0,0,,0,,,58,68,25,0,55,0,73,23,13,88,10,0,,,,,,,,,,,,,,,,,,,,,,,,,,,,,,,,,,
31-Jul,31/7,31-Jul,39.40,29,8,29,,4,14,+,44,67,,18,44,,0,2,,12,39,+,33,43,+,13,18,,14,16,,47,47,+,104,104,,0,0,,0,,,58,100,22,0,55,10,76,23,13,88,20,0,,,,,,,,,,,,,,,,,,,,,,,,,,,,,,,,,,
1-Aug,1/8,,40.30,30,6,27,,3,12,+,42,67,,36,60,,0,2,,12,39,+,35,45,+,9,11,,14,16,,44,47,+,104,104,,8,10,,0,,,58,100,19,23,54,10,77,24,10,90,22,1,,,,,,,,,,,,,,,,,,,,,,,,,,,,,,,,,,
2-Aug,2/8,,45.80,34,5,27,,6,15,+,42,65,,50,74,,0,2,,12,48,+,35,48,+,31,35,,12,14,,53,55,+,102,102,,8,10,,0,,,58,95,17,23,55,10,75,24,8,93,32,5,,,,,,,,,,,,,,,,,,,,,,,,,,,,,,,,,,
3-Aug,3/8,,46.30,35,5,24,,4,13,+,52,75,,50,74,,8,12,,12,48,+,30,40,+,31,31,,11,13,,53,55,+,102,102,,7,10,,0,,,59,85,15,16,52,10,75,24,7,104,37,10,,,,,,,,,,,,,,,,,,,,,,,,,,,,,,,,,,
4-Aug,4/8,,48.00,36,5,22,,3,12,+,65,88,,50,78,,13,17,,12,48,+,22,38,+,29,29,,10,13,,53,55,+,102,102,,15,18,,2,,,60,75,14,16,49,13,74,24,7,106,40,21,,,,,,,,,,,,,,,,,,,,,,,,,,,,,,,,,,
5-Aug,5/8,,48.70,37,14,30,,3,12,+,70,93,,46,74,,13,17,,12,48,+,20,32,+,29,29,,10,12,,54,55,+,115,115,,15,25,,25,,,62,65,12,12,47,13,74,24,12,108,40,21,,,,,,,,,,,,,,,,,,,,,,,,,,,,,,,,,,
6-Aug,6/8,,46.60,36,19,35,,2,12,+,73,93,,40,68,,1,3,,17,53,+,10,14,+,39,41,,10,12,,54,55,+,115,115,,15,25,,22,,,62,60,12,12,45,7,66,24,12,115,37,21,,,,,,,,,,,,,,,,,,,,,,,,,,,,,,,,,,
7-Aug,7/8,7-Aug,47.40,38,21,37,,2,15,+,88,91,,38,66,,1,3,,19,53,+,11,15,+,46,51,,10,10,,54,55,+,115,115,,10,25,,20,,,62,58,10,15,42,7,62,20,27,145,39,21,,,,,,,,,,,,,,,,,,,,,,,,,,,,,,,,,,
8-Aug,8/8,,46.90,38,32,48,,2,15,+,85,87,,25,50,,10,12,,18,53,+,12,15,+,46,53,,14,17,,57,57,+,110,110,,8,30,,20,,,62,56,8,22,37,7,57,28,40,145,46,22,,,,,,,,,,,,,,,,,,,,,,,,,,,,,,,,,,
9-Aug,9/8,,45.70,37,37,53,,2,13,+,85,87,,20,45,,10,12,,28,60,+,10,15,,46,53,,14,17,,62,60,+,95,95,,8,30,,18,,,60,68,7,22,25,7,56,37,55,150,56,20,,,,,,,,,,,,,,,,,,,,,,,,,,,,,,,,,,
10-Aug,10/8,,43.90,36,36,51,,2,12,+,85,87,,17,42,,8,12,,38,60,+,10,13,,46,55,,14,18,,62,60,+,80,80,,10,30,,22,,,64,78,7,18,35,3,56,37,55,150,57,15,,,,,,,,,,,,,,,,,,,,,,,,,,,,,,,,,,
11-Aug,11/8,,45.60,37,35,50,,8,20,+,85,87,,27,62,,5,7,,38,60,+,10,13,,46,55,,12,18,,64,64,+,70,70,,10,30,,35,,,60,78,7,14,35,0,55,34,30,150,57,20,,,,,,,,,,,,,,,,,,,,,,,,,,,,,,,,,,
12-Aug,12/8,,44.70,35,30,45,,8,20,+,80,82,,27,65,,5,7,,38,60,+,7,12,,50,59,,10,14,,67,67,+,61,61,,9,30,,45,,,60,73,8,8,38,0,48,46,25,145,57,20,,,,,,,,,,,,,,,,,,,,,,,,,,,,,,,,,,
13-Aug,13/8,,45.90,37,23,38,,6,18,+,80,82,,27,65,,12,12,+,38,60,+,7,14,,46,55,,8,12,,72,72,+,69,69,,9,30,,42,,,56,59,28,8,36,4,48,42,18,140,60,21,,,,,,,,,,,,,,,,,,,,,,,,,,,,,,,,,,
14-Aug,14/8,14-Aug,45.90,37,19,34,,4,16,+,80,82,,27,65,,5,8,,37,59,+,7,14,,46,55,,8,12,,76,72,+,76,76,,8,30,,36,,,61,40,30,8,40,19,43,41,11,135,66,20,,,,,,,,,,,,,,,,,,,,,,,,,,,,,,,,,,
15-Aug,15/8,,45.20,36,17,32,,2,12,+,72,75,,24,60,,10,13,,37,59,+,7,14,,43,55,,8,12,,76,76,+,76,76,,8,30,,33,,,61,45,34,6,44,26,41,43,15,133,69,12,,,,,,,,,,,,,,,,,,,,,,,,,,,,,,,,,,
16-Aug,16/8,,44.00,35,13,28,,1,11,+,72,75,,22,58,,10,13,,39,61,+,7,14,,37,44,,8,12,,76,76,+,76,76,,5,25,,43,,,84,46,34,3,50,26,43,40,15,126,69,8,,,,,,,,,,,,,,,,,,,,,,,,,,,,,,,,,,
17-Aug,17/8,,46.00,37,9,24,,1,10,+,73,75,,18,54,,7,10,,39,61,+,7,15,,51,59,,8,12,,88,88,+,76,76,,5,25,,40,,,84,46,34,3,51,24,43,35,15,121,69,12,,,,,,,,,,,,,,,,,,,,,,,,,,,,,,,,,,
18-Aug,18/8,,44.70,36,8,22,,1,6,+,73,75,,15,50,,10,12,,42,64,+,5,12,,51,59,,4,8,,90,90,+,71,71,,9,25,,40,,,84,50,30,8,50,20,46,35,17,112,70,10,,,,,,,,,,,,,,,,,,,,,,,,,,,,,,,,,,
19-Aug,19/8,,43.20,35,21,34,,1,5,+,73,75,,12,48,,5,9,,42,64,+,4,11,,52,60,,0,0,,95,95,+,65,65,,9,25,,30,,,84,50,30,17,50,20,43,40,32,105,70,0,,,,,,,,,,,,,,,,,,,,,,,,,,,,,,,,,,
20-Aug,20/8,,44.80,35,33,44,,1,3,+,73,75,,12,55,,10,20,,42,64,+,4,11,,57,65,,0,0,,95,95,+,60,60,,9,25,,22,,,82,50,30,10,50,18,42,37,37,100,65,0,,,,,,,,,,,,,,,,,,,,,,,,,,,,,,,,,,
21-Aug,21/8,21-Aug,46.10,36,35,45,,1,3,+,73,75,,10,53,,22,32,,40,62,+,4,13,,59,68,,0,0,,95,95,+,60,60,,5,20,,18,,,80,50,28,22,48,19,41,34,43,95,65,0,,,,,,,,,,,,,,,,,,,,,,,,,,,,,,,,,,
22-Aug,22/8,,47.20,37,37,47,,7,10,+,55,60,,10,53,,23,33,,35,57,+,4,13,,64,73,,0,0,,113,113,+,60,60,,0,20,,30,,,80,50,26,42,45,15,30,33,40,85,60,0,,,,,,,,,,,,,,,,,,,,,,,,,,,,,,,,,,
23-Aug,23/8,,45.80,36,33,43,,5,10,+,50,55,,8,50,,23,33,,30,52,+,3,5,,64,73,,0,0,,120,120,+,60,60,,0,20,,25,,,65,47,26,60,47,15,25,30,42,83,57,0,,,,,,,,,,,,,,,,,,,,,,,,,,,,,,,,,,
24-Aug,24/8,,44.60,35,30,40,,3,10,+,45,50,,7,47,,14,24,,35,57,+,3,5,,64,73,,0,0,,120,120,+,60,60,,0,20,,20,,,60,40,26,60,47,10,22,50,32,83,63,0,,,,,,,,,,,,,,,,,,,,,,,,,,,,,,,,,,
25-Aug,25/8,,45.90,36,30,40,,3,10,+,40,45,,7,47,,11,20,,35,57,+,3,5,,74,84,,21,21,,118,120,+,50,50,,1,20,,20,,,55,40,26,60,55,8,21,60,32,78,63,0,,,,,,,,,,,,,,,,,,,,,,,,,,,,,,,,,,
26-Aug,26/8,,46.20,38,34,44,,12,18,+,35,40,,7,40,,10,18,,38,60,+,0,0,,84,94,,24,24,,118,118,+,50,50,,0,20,,18,,,50,46,26,60,58,5,20,77,15,69,55,0,,,,,,,,,,,,,,,,,,,,,,,,,,,,,,,,,,
27-Aug,27/8,,46.60,37,43,53,,13,18,+,32,37,,7,40,,5,16,,38,60,+,0,0,,96,105,,22,22,,115,118,+,40,50,,0,15,,16,,,45,50,26,60,57,3,20,63,12,73,55,0,,,,,,,,,,,,,,,,,,,,,,,,,,,,,,,,,,
28-Aug,28/8,28-Aug,45.50,37,47,60,,11,16,+,47,52,,7,38,,5,10,,36,63,+,0,0,,104,113,,10,10,,118,118,+,35,35,,0,15,,16,,,42,50,24,42,55,2,18,63,10,68,55,0,,,,,,,,,,,,,,,,,,,,,,,,,,,,,,,,,,
29-Aug,29/8,,44.70,36,45,63,,9,14,+,47,52,,5,35,,5,10,,33,60,+,0,0,,104,113,,10,10,,116,118,+,35,35,,0,13,,16,,,40,47,20,38,56,2,15,63,8,63,40,0,,,,,,,,,,,,,,,,,,,,,,,,,,,,,,,,,,
30-Aug,30/8,,42.60,35,44,64,,7,12,+,47,52,,3,32,,3,8,,33,60,+,0,0,,102,109,,8,8,,110,110,+,35,35,,0,10,,13,,,38,40,15,35,56,0,14,60,5,63,30,0,,,,,,,,,,,,,,,,,,,,,,,,,,,,,,,,,,
31-Aug,31/8,,40.50,33,44,64,,3,6,+,45,50,,2,29,,1,5,,43,70,+,0,0,,102,109,,6,6,,95,95,+,32,35,,0,10,,5,,,35,47,14,35,56,0,14,60,5,60,28,0,,,,,,,,,,,,,,,,,,,,,,,,,,,,,,,,,,
1-Sep,1/9,,40.80,34,41,64,,1,3,+,43,48,,2,29,,0,4,,58,85,+,0,0,,98,105,,6,6,,98,98,+,30,30,,0,10,,3,,,35,52,13,20,56,0,14,42,5,70,26,0,,,,,,,,,,,,,,,,,,,,,,,,,,,,,,,,,,
2-Sep,2/9,,39.50,32,40,64,,0,0,+,41,46,,7,34,,0,4,,58,89,+,0,0,,94,100,,0,0,,92,92,+,30,30,,0,5,,1,,,32,55,12,15,50,0,14,40,5,68,28,0,,,,,,,,,,,,,,,,,,,,,,,,,,,,,,,,,,
3-Sep,3/9,,38.60,32,38,62,,0,0,+,41,46,,7,34,,,0,,58,89,+,0,0,,90,95,,0,0,,92,92,+,30,30,,0,5,,0,,,30,60,10,10,50,0,12,35,12,65,20,10,,,,,,,,,,,,,,,,,,,,,,,,,,,,,,,,,,
4-Sep,4/9,4-Sep,37.60,31,37,61,,0,0,+,40,45,,7,34,,,,,50,81,+,0,0,,85,90,,0,0,,92,92,+,34,34,,0,5,,0,,,30,60,5,10,47,0,10,31,11,66,18,15,,,,,,,,,,,,,,,,,,,,,,,,,,,,,,,,,,
5-Sep,5/9,,32.90,26,42,66,,0,0,+,39,44,,4,30,,,,,43,74,+,0,0,,50,55,,0,0,,92,92,+,34,34,,0,0,,0,,,30,56,5,9,48,1,10,35,10,87,14,15,,,,,,,,,,,,,,,,,,,,,,,,,,,,,,,,,,
6-Sep,6/9,,31.90,25,52,76,,0,0,+,37,42,,4,28,,,,,33,64,+,0,0,,55,60,,3,3,,92,92,+,30,30,,0,0,,0,,,29,50,5,8,48,0,10,28,12,107,8,14,,,,,,,,,,,,,,,,,,,,,,,,,,,,,,,,,,
7-Sep,7/9,,32.00,26,56,80,,0,0,+,37,42,,3,26,,,,,40,70,+,0,0,,55,60,,0,0,,90,92,+,30,30,,0,0,,0,,,28,50,5,8,48,0,10,28,13,110,10,14,,,,,,,,,,,,,,,,,,,,,,,,,,,,,,,,,,
8-Sep,8/9,,33.90,27,66,31,,0,0,+,47,52,,3,26,,,,,50,80,+,1,0,,52,60,,0,0,,91,91,+,30,30,,0,0,,0,,,25,42,5,3,38,0,3,28,12,107,10,9,,,,,,,,,,,,,,,,,,,,,,,,,,,,,,,,,,
9-Sep,9/9,,30.50,26,71,65,,0,0,+,47,52,,,,,,,,45,75,+,1,0,,52,60,,0,0,,88,88,+,30,30,,6,6,,0,,,20,38,5,3,36,0,3,21,13,108,9,0,,,,,,,,,,,,,,,,,,,,,,,,,,,,,,,,,,
10-Sep,10/9,,30.20,26,72,97,,0,0,+,45,50,,,,,,,,35,65,+,13,13,,48,54,,0,0,,88,90,+,30,30,,6,6,,0,,,20,35,5,3,38,0,0,19,14,105,0,5,,,,,,,,,,,,,,,,,,,,,,,,,,,,,,,,,,
11-Sep,11/9,11-Sep,29.30,25,72,97,,0,0,+,45,50,,,,,,,,32,62,+,13,13,,50,58,,0,0,,85,85,+,25,25,,10,10,,0,,,18,30,5,3,32,0,0,16,30,100,0,0,,,,,,,,,,,,,,,,,,,,,,,,,,,,,,,,,,
12-Sep,12/9,,27.80,24,70,95,,0,0,+,45,50,,,,,,,,27,57,+,15,15,,50,58,,0,0,,82,82,+,16,16,,8,8,,0,,,51,28,5,1,42,0,0,12,32,96,0,0,,,,,,,,,,,,,,,,,,,,,,,,,,,,,,,,,,
13-Sep,13/9,,27.00,23,59,84,,0,0,+,42,47,,,,,,,,27,57,+,15,15,,48,56,,0,0,,80,80,+,15,15,,0,8,,38,,,56,28,4,1,42,0,0,12,35,92,0,0,,,,,,,,,,,,,,,,,,,,,,,,,,,,,,,,,,
14-Sep,14/9,,25.00,21,65,87,,0,0,+,40,45,,,,,,,,27,57,+,12,12,,44,52,,0,0,,70,70,+,14,14,,0,0,,38,,,45,35,4,1,30,0,0,12,46,86,0,0,,,,,,,,,,,,,,,,,,,,,,,,,,,,,,,,,,
15-Sep,15/9,,24.10,20,63,80,,0,0,+,39,43,,,,,,,,27,57,+,10,10,,40,48,,0,0,,70,70,+,13,13,,0,0,,30,,,40,52,4,1,28,0,7,10,69,80,0,0,,,,,,,,,,,,,,,,,,,,,,,,,,,,,,,,,,
16-Sep,16/9,,21.70,18,60,75,,0,0,+,36,40,,,,,,,,22,52,+,9,9,,41,49,,0,0,,55,55,+,12,12,,0,0,,34,,,42,59,4,1,27,0,15,0,71,78,10,0,,,,,,,,,,,,,,,,,,,,,,,,,,,,,,,,,,
17-Sep,17/9,,17.60,16,60,75,,0,0,+,32,38,,,,,,,,0,0,+,8,8,,45,53,,0,0,,62,62,+,15,15,,0,0,,,,,38,55,4,1,22,3,15,0,38,70,13,12,,,,,,,,,,,,,,,,,,,,,,,,,,,,,,,,,,
18-Sep,18/9,18-Sep,17.80,16,60,75,,0,0,+,29,37,,,,,,,,0,0,+,8,8,,50,58,,0,0,,60,60,+,15,15,,0,0,,38,,,32,45,3,1,20,5,5,0,20,66,13,12,,,,,,,,,,,,,,,,,,,,,,,,,,,,,,,,,,
19-Sep,19/9,,14.70,14,58,74,,0,0,+,27,34,,,,,,,,0,0,+,0,0,,40,45,,0,0,,58,58,+,10,10,,0,0,,40,,,30,42,2,1,20,5,0,0,18,57,15,0,,,,,,,,,,,,,,,,,,,,,,,,,,,,,,,,,,
20-Sep,20/9,,14.00,13,57,73,,0,0,+,23,31,,,,,,,,0,0,+,0,0,,39,44,,0,0,,55,55,+,10,10,,0,0,,,,,27,42,3,1,20,5,0,0,15,48,34,0,,,,,,,,,,,,,,,,,,,,,,,,,,,,,,,,,,
21-Sep,21/9,,12.90,12,53,65,,0,0,+,20,28,,,,,,,,0,0,+,0,0,,36,41,,0,0,,50,50,+,10,10,,0,0,,,,,24,42,3,1,20,0,0,0,18,45,45,5,,,,,,,,,,,,,,,,,,,,,,,,,,,,,,,,,,
22-Sep,22/9,,12.10,11,43,53,,0,0,+,25,33,,,,,,,,0,0,+,0,0,,33,38,,0,0,,40,40,+,10,10,,0,0,,,,,20,32,2,0,20,0,0,0,30,36,45,6,,,,,,,,,,,,,,,,,,,,,,,,,,,,,,,,,,
23-Sep,23/9,,10.80,9,37,47,,0,0,+,27,37,,,,,,,,0,0,+,0,0,,30,35,,0,0,,25,26,+,10,10,,0,0,,,,,16,32,2,0,15,0,0,0,30,36,40,5,,,,,,,,,,,,,,,,,,,,,,,,,,,,,,,,,,
24-Sep,24/9,,10.90,9,30,40,,0,0,+,23,35,,,,,,,,0,0,+,0,0,,29,34,,,,,30,30,+,10,10,,0,0,,18,,,13,22,2,0,15,0,3,0,28,20,37,5,,,,,,,,,,,,,,,,,,,,,,,,,,,,,,,,,,
25-Sep,25/9,25-Sep,9.30,8,20,30,,0,0,+,23,35,,,,,,,,0,0,+,0,0,,28,33,,,,,25,25,+,0,0,,0,0,,0,,,13,15,2,0,35,0,,0,20,21,40,0,,,,,,,,,,,,,,,,,,,,,,,,,,,,,,,,,,
26-Sep,26/9,,8.20,7,16,26,,0,0,+,18,30,,,,,,,,0,0,+,0,0,,27,32,,,,,20,20,+,0,0,,0,0,,0,,,13,0,0,0,35,0,,0,21,21,40,0,,,,,,,,,,,,,,,,,,,,,,,,,,,,,,,,,,
27-Sep,27/9,,7.90,6,12,23,,0,0,+,17,27,,,,,,,,0,0,+,0,0,,27,32,,,,,20,20,+,0,0,,0,0,,0,,,10,5,0,0,20,0,,0,21,20,65,0,,,,,,,,,,,,,,,,,,,,,,,,,,,,,,,,,,
28-Sep,28/9,,4.50,4,10,17,,0,0,+,,,,,,,,,,0,0,+,0,0,,25,30,,,,,15,15,+,0,0,,0,0,,0,,,10,10,0,0,15,0,,0,24,20,93,0,,,,,,,,,,,,,,,,,,,,,,,,,,,,,,,,,,
29-Sep,29/9,,4.20,4,10,15,,0,0,+,,,,,,,,,,0,0,+,0,0,,25,30,,,,,12,12,+,0,0,,0,0,,0,,,10,13,0,0,10,0,,0,15,16,95,0,,,,,,,,,,,,,,,,,,,,,,,,,,,,,,,,,,
30-Sep,30/9,,4.50,4,10,15,,,,,,,,,,,,,,0,0,+,3,0,,25,30,,,,,15,15,+,0,0,,0,0,,0,,,2,20,0,0,,0,,0,10,12,97,0,,,,,,,,,,,,,,,,,,,,,,,,,,,,,,,,,,
1-Oct,1/10,,4.40,5,7,12,,,,,,,,,,,,,,0,0,+,8,0,,27,32,,,,,12,12,+,0,0,,0,0,,0,,,1,15,0,,,0,,0,0,8,98,0,,,,,,,,,,,,,,,,,,,,,,,,,,,,,,,,,,
2-Oct,2/10,2-Oct,4.20,4,6,11,,,,,,,,,,,,,,0,0,+,5,0,,27,32,,,,,10,10,+,,,,0,0,,0,,,0,7,,,,0,,0,0,0,98,0,,,,,,,,,,,,,,,,,,,,,,,,,,,,,,,,,,
3-Oct,3/10,,3.70,3,6,11,,,,,,,,,,,,,,0,0,+,,,,23,27,,,,,10,10,+,,,,0,0,,,,,0,,,,,0,,0,0,0,90,0,,,,,,,,,,,,,,,,,,,,,,,,,,,,,,,,,,
4-Oct,4/10,,0.00,0,6,11,,,,,,,,,,,,,,0,0,+,,,,,,,,,,0,0,,,,,0,0,,,,,,,,,,,,7,0,0,75,0,,,,,,,,,,,,,,,,,,,,,,,,,,,,,,,,,,
5-Oct,5/10,,0.00,0,6,11,,,,,,,,,,,,,,0,0,+,,,,,,,,,,0,0,,,,,0,0,,,,,,,,,,,,7,0,0,70,0,,,,,,,,,,,,,,,,,,,,,,,,,,,,,,,,,,
6-Oct,6/10,,0.00,0,6,11,,,,,,,,,,,,,,0,0,+,,,,,,,,,,,,,,,,0,0,,,,,,,,,,,,0,0,0,60,0,,,,,,,,,,,,,,,,,,,,,,,,,,,,,,,,,,
7-Oct,7/10,,0.00,0,6,11,,,,,,,,,,,,,,0,0,+,,,,,,,,,,,,,,,,0,0,,,,,,,,,,,,0,0,0,55,0,,,,,,,,,,,,,,,,,,,,,,,,,,,,,,,,,,
8-Oct,8/10,,0.00,0,6,11,,,,,,,,,,,,,,,,,,,,,,,,,,,,,,,,,,,,,,,,,,,,,,,,,,,,,,,,,,,,,,,,,,,,,,,,,,,,,,,,,,,
9-Oct,9/10,9-Oct,0.00,0,,,,,,,,,,,,,,,,,,,,,,,,,,,,,,,,,,,,,,,,,,,,,,,,,,,,,,,,,,,,,,,,,,,,,,,,,,,,,,,,,,,,,
,,,,,,,,,,,,,,,,,,,,,,,,,,,,,,,,,,,,,,,,,,,,,,,,,,,,,,,,,,,,,,,,,,,,,,,,,,,,,,,,,,,,,,,,,
Av Snow Depth Natural,,,,,20.13621159,,,6,,,31,,,26,,,5,,,18,,,14,,,34,,,12,,,43,,,52,,,3,,,14,,,39,28,16,9,38,4,37,19,14,55,25,6,,,,,,,,,,,,,,,,,,,,,,,,,,,,,,,,,,
Av Snow Depth S'making,,,,,,34.02123268,,,12,,,46,,,48,,,10,,,37,,,17,,,39,,,14,,,42,,,53,,,9,,,,,,,,,,,,,,,,,,,,,,,,,,,,,,,,,,,,,,,,,,,,,,,,,,
,,,,,,,,,,,,,,,,,,,,,,,,,,,,,,,,,,,,,,,,,,,,,,,,,,,,,,,,,,,,,,,,,,,,,,,,,,,,,,,,,,,,,,,,,
,,,,,,,,,,,,,,,,,,,,,,,,,,,,,,,,,,,,,,,,,,,,,,,,,,,,,,,,,,,,,,,,,,,,,,,,,,,,,,,,,,,,,,,,,
,,,,,,,,,,,,,,,,,,,,,,,,,,,,,,,,,,,,,,,,,,,,,,,,,,,,,,,,,,,,,,,,,,,,,,,,,,,,,,,,,,,,,,,,,
,,,,,,,,,,,,,,,,,,,,,,,,,,,,,,,,,,,,,,,,,,,,,,,,,,,,,,,,,,,,,,,,,,,,,,,,,,,,,,,,,,,,,,,,,
,,,,,,,,,,,,,,,,,,,,,,,,,,,,,,,,,,,,,,,,,,,,,,,,,,,,,,,,,,,,,,,,,,,,,,,,,,,,,,,,,,,,,,,,,
,,,,,,,,,,,,,,,,,,,,,,,,,,,,,,,,,,,,,,,,,,,,,,,,,,,,,,,,,,,,,,,,,,,,,,,,,,,,,,,,,,,,,,,,,
,,,,,,,,,,,,,,,,,,,,,,,,,,,,,,,,,,,,,,,,,,,,,,,,,,,,,,,,,,,,,,,,,,,,,,,,,,,,,,,,,,,,,,,,,
,,,,,,,,,,,,,,,,,,,,,,,,,,,,,,,,,,,,,,,,,,,,,,,,,,,,,,,,,,,,,,,,,,,,,,,,,,,,,,,,,,,,,,,,,
,,,,,,,,,,,,,,,,,,,,,,,,,,,,,,,,,,,,,,,,,,,,,,,,,,,,,,,,,,,,,,,,,,,,,,,,,,,,,,,,,,,,,,,,,
,,,,,,,,,,,,,,,,,,,,,,,,,,,,,,,,,,,,,,,,,,,,,,,,,,,,,,,,,,,,,,,,,,,,,,,,,,,,,,,,,,,,,,,,,
,,,,,,,,,,,,,,,,,,,,,,,,,,,,,,,,,,,,,,,,,,,,,,,,,,,,,,,,,,,,,,,,,,,,,,,,,,,,,,,,,,,,,,,,,
,,,,,,,,,,,,,,,,,,,,,,,,,,,,,,,,,,,,,,,,,,,,,,,,,,,,,,,,,,,,,,,,,,,,,,,,,,,,,,,,,,,,,,,,,
,,,,,,,,,,,,,,,,,,,,,,,,,,,,,,,,,,,,,,,,,,,,,,,,,,,,,,,,,,,,,,,,,,,,,,,,,,,,,,,,,,,,,,,,,
,,,,,,,,,,,,,,,,,,,,,,,,,,,,,,,,,,,,,,,,,,,,,,,,,,,,,,,,,,,,,,,,,,,,,,,,,,,,,,,,,,,,,,,,,
,,,,,,,,,,,,,,,,,,,,,,,,,,,,,,,,,,,,,,,,,,,,,,,,,,,,,,,,,,,,,,,,,,,,,,,,,,,,,,,,,,,,,,,,,
,,,,,,,,,,,,,,,,,,,,,,,,,,,,,,,,,,,,,,,,,,,,,,,,,,,,,,,,,,,,,,,,,,,,,,,,,,,,,,,,,,,,,,,,,
,,,,,,,,,,,,,,,,,,,,,,,,,,,,,,,,,,,,,,,,,,,,,,,,,,,,,,,,,,,,,,,,,,,,,,,,,,,,,,,,,,,,,,,,,
,,,,,,,,,,,,,,,,,,,,,,,,,,,,,,,,,,,,,,,,,,,,,,,,,,,,,,,,,,,,,,,,,,,,,,,,,,,,,,,,,,,,,,,,,
,,,,,,,,,,,,,,,,,,,,,,,,,,,,,,,,,,,,,,,,,,,,,,,,,,,,,,,,,,,,,,,,,,,,,,,,,,,,,,,,,,,,,,,,,
,,,,,,,,,,,,,,,,,,,,,,,,,,,,,,,,,,,,,,,,,,,,,,,,,,,,,,,,,,,,,,,,,,,,,,,,,,,,,,,,,,,,,,,,,
,,,,,,,,,,,,,,,,,,,,,,,,,,,,,,,,,,,,,,,,,,,,,,,,,,,,,,,,,,,,,,,,,,,,,,,,,,,,,,,,,,,,,,,,,
,,,,,,,,,,,,,,,,,,,,,,,,,,,,,,,,,,,,,,,,,,,,,,,,,,,,,,,,,,,,,,,,,,,,,,,,,,,,,,,,,,,,,,,,,
,,,,,,,,,,,,,,,,,,,,,,,,,,,,,,,,,,,,,,,,,,,,,,,,,,,,,,,,,,,,,,,,,,,,,,,,,,,,,,,,,,,,,,,,,
,,,,,,,,,,,,,,,,,,,,,,,,,,,,,,,,,,,,,,,,,,,,,,,,,,,,,,,,,,,,,,,,,,,,,,,,,,,,,,,,,,,,,,,,,
,,,,,,,,,,,,,,,,,,,,,,,,,,,,,,,,,,,,,,,,,,,,,,,,,,,,,,,,,,,,,,,,,,,,,,,,,,,,,,,,,,,,,,,,,
,,,,,,,,,,,,,,,,,,,,,,,,,,,,,,,,,,,,,,,,,,,,,,,,,,,,,,,,,,,,,,,,,,,,,,,,,,,,,,,,,,,,,,,,,
,,,,,,,,,,,,,,,,,,,,,,,,,,,,,,,,,,,,,,,,,,,,,,,,,,,,,,,,,,,,,,,,,,,,,,,,,,,,,,,,,,,,,,,,,
,,,,,,,,,,,,,,,,,,,,,,,,,,,,,,,,,,,,,,,,,,,,,,,,,,,,,,,,,,,,,,,,,,,,,,,,,,,,,,,,,,,,,,,,,
,,,,,,,,,,,,,,,,,,,,,,,,,,,,,,,,,,,,,,,,,,,,,,,,,,,,,,,,,,,,,,,,,,,,,,,,,,,,,,,,,,,,,,,,,
,,,,,,,,,,,,,,,,,,,,,,,,,,,,,,,,,,,,,,,,,,,,,,,,,,,,,,,,,,,,,,,,,,,,,,,,,,,,,,,,,,,,,,,,,
